correct	freq	degraded_is_also_word	freq_other
бәәсн	2472	баасн	8
хәрү	2050	хару	2
сән	1421	сан	27
цаһан	1377	цаган	61
үг	1273	уг	21
бәәх	1248	баах	3
әмтн	1232	амтн	13
әдл	1047	эдл	30
әдл	1047	адл	2
дәкәд	1031	дакад	120
төр	882	тор	13
зөв	741	зов	50
үр	713	ур	41
бәәв	713	баав	299
түрүн	681	турун	4
арһ	628	арг	34
баһ	581	баг	161
нә	482	на	81
нә	482	не	404
тәвәд	470	тавад	19
әмтнә	390	амтна	1
әрә	371	ара	2
цә	353	ца	76
хөрн	350	хорн	24
әрк	343	эрк	266
әмт	343	амт	6
дөң	335	дон	2
зүн	320	зун	516
үгән	314	уган	24
дәрк	314	дарк	1
алң	262	алн	30
дү	258	ду	398
зурһан	257	зурган	26
дәкн	246	дакн	4
сүл	238	сул	129
өр	227	ор	182
әмтнд	222	амтнд	1
бәрсн	206	барсн	17
бәрсн	206	берсн	1
үүд	201	ууд	6
ә	187	э	195
ә	187	а	431
дәкнәс	181	дакнас	40
үүл	168	уул	76
тәвн	152	тавн	705
тәвн	152	тевн	1
зәрм	145	зарм	22
әмән	144	аман	86
зүсн	143	зусн	4
хәләсн	133	халасн	4
үс	125	ус	246
зәәсң	119	заасн	60
нәр	113	нар	69
нәр	113	нер	416
бә	106	ба	14
өрәд	106	орад	1131
үстә	103	уста	57
авһ	103	авг	14
бәәр	98	баар	1
бәәр	98	беер	1
зәрлг	98	зерлг	28
үсн	97	усн	338
йөрәл	93	йорал	10
үгин	92	угин	1
хөв	91	хов	21
әвр	89	авр	5
хө	88	хо	74
үнтә	84	унта	1
хөн	82	хон	3
өрлә	81	орла	21
хәлә	81	хала	51
үрн	79	урн	42
хәләх	76	халах	1
бәрх	75	барх	2
тәвнә	74	тавна	29
хәр	73	хар	1452
хәрд	71	хард	17
әмн	70	амн	252
түрү	70	туру	4
хөрв	65	хорв	7
хәәх	65	хаах	5
өрч	64	орч	3
әм	63	эм	50
әм	63	ам	125
зүүсн	62	зуусн	26
бәрдг	61	бардг	3
хәрх	60	харх	4
үлдх	60	улдх	1
нүүрт	60	нуурт	20
үн	60	ун	17
әмтә	59	амта	19
үсән	59	усан	23
нәрн	58	нарн	279
нәрн	58	нерн	297
төрсн	57	торсн	24
ааһ	56	ааг	1
өлн	55	олн	881
бүсләд	54	буслад	57
җ	53	ж	24
хөрәд	52	хорад	99
мә	52	ма	110
мә	52	ме	17
үүрәд	50	уурад	88
зә	49	за	27
зә	49	зе	25
дә	49	да	26
дә	49	де	11
әмтән	49	амтан	9
үснә	48	усна	110
бәрв	48	барв	1
өвр	48	овр	1
өрчд	48	орчд	121
тәв	48	тав	41
тәв	48	тев	1
хөр	47	хор	9
эрлһ	47	эрлг	43
үүдән	46	уудан	11
бәрнә	46	барна	5
луузң	46	луузн	1
эң	44	эн	5558
шарһ	43	шарг	1
хәрин	43	харин	20
үснь	42	уснь	26
әмнәсн	41	амнасн	14
түрүнд	41	турунд	1
нүр	40	нур	61
хүв	39	хув	1
тәрсн	38	тарсн	10
төрәд	38	торад	32
үнәр	38	уняр	1
бәрәнд	37	баранд	4
үүрнь	37	уурнь	51
өрәсн	37	орасн	16
әмнь	37	амнь	23
хә	37	ха	71
хә	37	хе	18
бәг	35	баг	161
һаң	34	һан	11
дөрә	34	дора	54
үүртән	33	ууртан	37
бөлг	33	болг	52
гнҗ	33	гнж	31
ааһта	32	аагта	1
хурһан	32	хурган	26
шүүһәд	32	шуугад	81
тәрәд	32	тарад	88
үүрсн	31	уурсн	14
дүнь	31	дунь	44
һә	31	га	11
баһар	31	багар	7
үсинь	31	усинь	11
дәкн-дәкн	30	дакн-дакн	7
әмнд	30	амнд	122
хәәнә	30	хаана	325
келән	30	келен	42
түләд	29	тулад	41
хурһ	29	хург	305
хоңх	29	хонх	13
бәрц	29	барц	1
үүлән	29	уулан	4
һо	28	го	16
пө	28	по	6
дәәсн	28	даасн	13
дәәсн	28	деесн	25
довҗ	28	довж	14
болһсн	27	болгсн	8
бүс	26	бус	3
үрән	25	уран	1
әәдрх	25	аадрх	1
өрә	25	ора	200
көлдән	24	колдан	24
өл	24	ол	21
төв	24	тов	22
зөөх	23	зоох	1
хүрә	23	хура	6
граҗданск	22	гражданск	15
әрән	22	аран	13
өрән	22	оран	9
адһ	22	адг	21
зүүдг	22	зуудг	1
зөрәд	22	зорад	6
бәәвә	22	баава	29
әәв	21	аав	100
үгтә	21	угта	1
үүрләд	21	уурлад	57
тәәрәд	21	таарад	33
хөрнә	21	хорна	1
аһ	21	аг	3
гпҗ	21	гпж	26
нүл	20	нул	17
аң	20	ан	11
әср	20	аср	1
шүүрмг	20	шуурмг	1
шүд	20	шуд	475
шаңд	20	шанд	1
зүстә	19	зуста	2
цөгц	19	цогц	120
хү	19	ху	39
көлс	19	колс	15
өрм	19	орм	113
өвртә	19	оврта	8
сүрә	19	сура	7
өнчрәд	19	ончрад	4
үй	19	уй	22
нүүх	18	нуух	13
нәмәг	18	намаг	1271
дәврх	17	деврх	1
дүр	17	дур	12
төрв	17	торв	4
зөөсн	17	зоосн	1
үүдсн	17	уудсн	7
дүүрән	17	дууран	1
өрг	17	орг	8
дүрсн	17	дурсн	7
нүүдг	17	нуудг	5
үсәр	16	усар	58
үснәс	16	уснас	48
үрд	16	урд	131
хөрлт	16	хорлт	4
төрлһн	16	торлһн	1
үнд	16	унд	27
тәрх	15	тарх	7
бәр	15	бар	21
бәр	15	бер	310
оһтр	15	огтр	1
дәвәд	15	давад	190
өрәтә	15	ората	12
үүлтә	15	уулта	6
үүрлдг	14	уурлдг	7
бәрн	14	барн	1
бәрн	14	берн	1
бүрү	14	буру	212
тәәлв	14	таалв	10
әрл	14	арл	43
нурһ	14	нург	1
бәә	14	баа	2
хаҗуһин	14	хажуһин	3
төрх	14	торх	2
һа	14	га	11
шонҗ	14	шонж	3
бәрәнә	14	барана	10
сәрсн	13	серсн	16
үсиг	13	усиг	23
үрүдәд	13	урудад	8
үүрч	13	уурч	32
әмтнь	13	амтнь	7
бульглҗ	13	бульглж	3
сүм	13	сум	24
ө	13	о	215
бө	13	бо	43
һ	13	г	52
әл	13	эл	9
әл	13	ал	11
нәәрән	13	нааран	813
өвг	12	овг	1
дөрв	12	дорв	1
үннә	12	унна	11
үләсн	12	уласн	26
хәрв	12	харв	5
зүүнә	12	зууна	31
болһ	12	болг	52
уңһаһад	12	унһаһад	48
ирмәг	12	ирмаг	1
әмндән	12	амндан	58
мөндр	12	мондр	3
кишвә	12	кишва	29
сәксн	11	сексн	8
хәрдг	11	хардг	3
нүүв	11	нуув	1
шаң	11	шан	3
бүл	11	бул	7
мең	11	мен	7
тәәл	11	таал	2
үрәд	11	уряд	5
элкдҗ	11	элкдж	3
йиртмҗин	11	йиртмжин	3
бүслсн	11	буслсн	11
дүлә	11	дула	10
һалзна	11	галзна	3
муҗгуд	11	мужгуд	9
бәәс	11	баас	3
ирвтә	11	ирвта	3
әмин	11	эмин	6
уңһн	11	унһн	16
хүрү	11	хуру	1
кө	10	ко	7
әрәд	10	арад	1
бүүр	10	буур	12
өглһн	10	оглһн	1
үүлд	10	уулд	7
әминь	10	аминь	41
бәрхд	10	бархд	2
сулдҗ	10	сулдж	3
үүрин	10	уурин	4
йөрәлд	10	йоралд	18
тулһ	10	тулг	8
сәәтә	10	саата	2
әвд	10	эвд	3
дәәсиг	10	деесиг	3
төрлһ	10	торлг	5
зальврҗ	9	зальврж	2
зүсәр	9	зусар	4
әмнәс	9	амнас	32
үләнә	9	улана	97
әрлһ	9	эрлһ	47
әрлһ	9	эрлг	43
ууҗмас	9	уужмас	2
бүр-бүр	9	бур-бур	2
зүүчкәд	9	зуучкад	11
чадҗанат	9	чаджанат	2
түүх	9	туух	10
шувтлҗ	9	шувтлж	2
бахмҗ	9	бахмж	2
әрв	9	эрв	28
әрв	9	арв	96
цәәсн	9	цаасн	138
басмҗта	9	басмжта	3
зуһудҗ	9	зуһудж	2
керггә	9	кергга	5
әмнднь	9	амнднь	32
өршәтн	9	оршатн	2
әмәрн	9	амарн	20
ханҗал	9	ханжал	3
зүгәр	9	зугар	14
тә	9	та	736
тә	9	те	11
әлд	9	алд	28
өрүнь	9	орунь	3
бөөсн	8	боосн	24
зү	8	зу	87
түрх	8	турх	1
һас	8	гас	3
тәәлсн	8	таалсн	2
уһав	8	угав	491
цәәв	8	цеев	1
хәәхәр	8	хаахар	4
цаһа	8	цага	30
тәәлхәр	8	таалхар	3
хуҗр	8	хужр	2
сү	8	су	95
харвҗ	8	харвж	2
муҗг	8	мужг	4
түлх	8	тулх	1
һавң	8	һавн	2
әәнә	8	аана	1
үга	8	уга	10065
лҗ	8	лж	6
цәәд	8	цаад	91
бөктә	8	бокта	38
хүрсх	8	хурсх	10
үрә	8	ура	39
цөгцд	8	цогцд	10
чичрҗ	7	чичрж	2
хөрсн	7	хорсн	6
әрлх	7	эрлх	1
экрҗ	7	экрж	2
өртә	7	орта	47
хөрх	7	хорх	1
хурһар	7	хургар	4
тәрнә	7	тарна	4
наадҗасн	7	нааджасн	2
сүр	7	сур	59
хурһнь	7	хургнь	2
нәәлт	7	наалт	1
нәәлт	7	неелт	1
хәәтн	7	хаатн	2
әнә	7	ана	11
әд	7	эд	35
әд	7	ад	19
бөөс	7	боос	1
буһ	7	буг	8
дүртә	7	дурта	217
ү	7	у	108
зөрсн	7	зорсн	2
оңх	7	онх	1
билө	7	било	11
хөрү	7	хору	4
сүрг	7	сург	1
әркнь	7	эркнь	2
ораҗ	7	ораж	2
әә	7	эя	2
әә	7	аа	24
әә	7	эе	6
дөрвәд	7	дорвад	9
сүрл	7	сурл	2
суһ	7	суг	6
әәдә	7	аада	1
бәргдв	6	баргдв	1
төрг	6	торг	2
хөвин	6	ховин	3
бәрхләрн	6	бархларн	61
сүүв	6	суув	350
бүүрт	6	буурт	1
нүүхәр	6	нуухар	12
цәс	6	цас	20
үснднь	6	уснднь	8
төл	6	тол	4
үүләд	6	ууляд	103
саң	6	сан	27
нүүсн	6	нуусн	3
заң	6	зан	15
өөн	6	оон	5
дүүһинь	6	дууһинь	16
дүм	6	дум	2
чивҗ	6	чивж	2
өдл	6	одл	7
тәвш	6	тавш	1
тәвш	6	тевш	7
сурһ	6	сург	1
ән	6	эн	5558
ән	6	ан	11
әнәв	6	анав	4
төрдг	6	тордг	4
дөнтә	6	донта	4
һооҗна	6	һоожна	2
тусхаҗ	6	тусхаж	2
рән	6	ран	9
рән	6	рен	3
түрвә	6	турва	7
келлһ	6	келлг	1
үрнә	6	урна	19
дүрм	6	дурм	22
цөг	6	цог	14
үгтн	6	угтн	1
саһин	6	сагин	3
поездәр	5	поездар	4
дәрин	5	дерин	5
зүүхәр	5	зуухар	4
сүлдр	5	сулдр	1
бөс	5	бос	36
орһ	5	орг	8
күрсән	5	курсан	3
өмсн	5	омсн	1
баһд	5	багд	6
әнь	5	ань	1
хамҗ	5	хамж	2
бәргдх	5	баргдх	1
меклҗ	5	меклж	2
дүриг	5	дуриг	4
дуудҗанав	5	дууджанав	2
шүүрсн	5	шуурсн	9
зүүх	5	зуух	22
үйн	5	уйн	29
хәм	5	хам	13
дүрәр	5	дурар	70
үүдәд	5	уудад	12
үүрлнә	5	уурлна	20
байсҗ	5	байсж	2
әмтинь	5	амтинь	2
үүриг	5	ууриг	2
төрнә	5	торна	5
чишкҗ	5	чишкж	2
тәәлвр	5	таалвр	1
хавсрҗ	5	хавсрж	2
һаһа	5	гага	2
хәрснә	5	харсна	7
чә	5	ча	10
түрг	5	тург	1
лә	5	ла	28
түкрәд	5	тукрад	4
үрх	5	урх	1
дәврн	5	деврн	2
тө	5	то	68
бәәвтә	5	баавта	3
шиңкн	5	шинкн	16
бәрә	5	бара	10
торһ	5	торг	2
бүрүтә	5	бурута	74
дуң	5	дун	344
шаңһ	5	шанһ	7
бәрәтә	5	барата	5
әрлг	5	эрлг	43
эңднь	5	энднь	19
өртң	5	ортн	62
дөлән	5	долан	352
бәәрин	5	баарин	1
шарһан	5	шарган	1
тәәнә	5	таана	2
әмнә	4	амна	11
әмим	4	амим	1
уһатн	4	угатн	1
хөрдг	4	хордг	3
немгдҗ	4	немгдж	1
болҗахла	4	болжахла	1
мендвтә	4	мендвта	3
үрнәс	4	урнас	1
тәвхн	4	тавхн	8
өрәр	4	орар	1
кенү	4	кену	1
бәршго	4	баршго	1
зүүлһсн	4	зуулһсн	1
мөрдәд	4	мордад	65
хаһлҗана	4	хаһлжана	1
өкәв	4	окав	1
хүвәсн	4	хувасн	1
уһа	4	уга	10065
илүр	4	илюр	1
бәәхн	4	баахн	415
өгшгонь	4	огшгонь	1
үснәснь	4	уснаснь	2
тәвдгч	4	тавдгч	55
түүмрт	4	туумрт	1
мөшкәд	4	мошкад	28
үүдтә	4	уудта	1
үрнлә	4	урнла	1
оңданар	4	онданар	1
алцаҗ	4	алцаж	1
энлҗ	4	энлж	1
дүүг	4	дууг	40
таңһрг	4	танһрг	1
үүрх	4	уурх	6
бәрсиг	4	барсиг	1
чеерүд	4	чееруд	1
чидлтәнь	4	чидлтень	1
әр	4	эр	28
әр	4	ар	389
чинә	4	чина	1
хәмүд	4	хамуд	1
төөн	4	тоон	1
зәәд	4	зеед	1
бөглә	4	богла	2
дүүһин	4	дууһин	1
гетлҗ	4	гетлж	1
зүүнд	4	зуунд	5
ухалҗ-ухалҗ	4	ухалж-ухалж	1
тавлҗ	4	тавлж	1
түр	4	тур	2
зүүчксн	4	зуучксн	3
өврх	4	оврх	1
зүс	4	зус	5
асхрҗана	4	асхржана	1
үүрлх	4	уурлх	8
хәрүл	4	харул	58
концлагерәс	4	концлагерас	1
числҗ	4	числж	2
шахгдҗ	4	шахгдж	1
буслҗана	4	буслжана	1
тәрн	4	тарн	2
җуңһрин	4	жунһрин	1
кәд	4	кад	5
кәд	4	кед	2
тәрв	4	тарв	13
тәрв	4	терв	8
хаҗукшан	4	хажукшан	3
өн	4	он	3
бәрвә	4	барва	1
дүң	4	дун	344
уулдҗана	4	уулджана	1
довҗин	4	довжин	2
дасҗана	4	дасжана	1
һҗ	4	гж	1
яһҗаснтн	4	яһжаснтн	1
мүд	4	муд	3
үүринь	4	ууринь	7
суңһачнрин	4	сунһачнрин	1
муҗгудын	4	мужгудын	1
гөр	4	гор	7
зүтклдв	4	зутклдв	1
һолин	4	голин	1
уңһав	4	унһав	15
аралдҗана	4	аралджана	1
хаһ	4	хаг	5
зелән	4	зелен	3
зарлҗана	4	зарлжана	1
үндән	4	ундан	40
хүүхлзәд	4	хуухлзад	1
хөнь	4	хонь	1
баһлад	4	баглад	19
әңгиг	4	энгиг	1
амраҗ	4	амраж	1
хән	4	хан	278
авһин	4	авгин	1
өнчрсн	4	ончрсн	3
төрхлә	4	торхла	1
төвин	4	товин	27
шәргәд	4	шаргад	8
бәргәс	4	баргас	2
түшн	3	тушн	1
хөрнд	3	хорнд	3
бәрчкв	3	барчкв	1
соньмҗта	3	соньмжта	1
фермдән	3	фермдан	1
төрм	3	торм	7
өлснә	3	олсна	2
унтраҗ	3	унтраж	1
иҗлдсн	3	ижлдсн	1
наадҗана	3	нааджана	2
эгцлҗ	3	эгцлж	2
өркнь	3	оркнь	1
цәв	3	цав	1
цәв	3	цев	6
даладҗ	3	даладж	1
бәрцхәв	3	барцхав	1
сәәнә	3	саана	3
бүләд	3	булад	8
җигшсн	3	жигшсн	1
өрнәсн	3	орнасн	21
ташрлҗ	3	ташрлж	1
соңсцхатн	3	сонсцхатн	1
тәлә	3	тала	2
командирән	3	командиран	1
бүслв	3	буслв	8
тәрснь	3	тарснь	2
нүүтн	3	нуутн	2
түүдг	3	туудг	7
нүрәд	3	нурад	10
һәң	3	һян	1
тәәлх	3	таалх	3
ханьцҗ	3	ханьцж	1
шүүрв	3	шуурв	6
тәрхәр	3	тархар	1
теңд	3	тенд	549
портфелән	3	портфелян	1
түшх	3	тушх	1
цәәчн	3	цаачн	36
әәтрүлв	3	аатрулв	1
тусҗасн	3	тусжасн	1
түш	3	туш	3
ирәр	3	ирар	1
үмснд	3	умснд	1
нүлго	3	нулго	3
сузһ	3	сузг	1
ухрлҗ	3	ухрлж	1
түлсн	3	тулсн	20
эрвлзҗ	3	эрвлзж	1
өтг	3	отг	5
үрүд	3	уруд	2
омгшҗ	3	омгшж	1
бүрәд	3	бурад	9
тәәлвртә	3	таалврта	1
үрднь	3	урднь	539
зүүхин	3	зуухин	9
саҗна	3	сажна	1
үүрлсн	3	уурлсн	22
нүүрәс	3	нуурас	6
цәнь	3	цань	257
ләд	3	лад	16
әмдв	3	амдв	1
хәәвв	3	хаавв	1
өрчм	3	орчм	1
тәр	3	тар	8
тәр	3	тер	6487
бәрсндән	3	барсндан	1
бичкң	3	бичкн	934
ирөд	3	ирод	4
кергтө	3	кергто	3
өринь	3	оринь	2
ховдглҗ	3	ховдглж	1
оньһ	3	оньг	41
хәәвр	3	хаавр	1
тәвхиг	3	тавхиг	1
таң	3	тан	14
ңанд	3	нанд	1092
үүләс	3	уулас	9
дөрән	3	доран	241
нүүлһн	3	нуулһн	1
ирчкөд	3	ирчкод	1
һавҗ	3	һавж	1
көлсинь	3	колсинь	1
цусрхҗ	3	цусрхж	1
тәкрх	3	такрх	1
цөгциг	3	цогциг	46
бәс	3	бас	3562
һашу	3	гашу	1
цокҗах	3	цокжах	1
сүзг	3	сузг	1
өкә	3	ока	495
нрҗ	3	нрж	1
мсдҗ	3	мсдж	2
рү	3	ру	11
үл	3	ул	30
авһд	3	авгд	1
дөрвән	3	дорван	2
өврәрн	3	оврарн	1
бәрл	3	берл	1
хлә	3	хла	1
цаһаи	3	цагаи	1
сарсалһҗ	3	сарсалһж	1
рәд	3	рад	6
рәд	3	ред	1
хөртә	3	хорта	51
үләв	3	улав	7
әрмг	3	эрмг	1
әрмг	3	армг	1
губернә	3	губерня	1
губернә	3	губерна	1
тү	3	ту	15
һн	3	гн	6
өмп	3	омп	1
җилвтҗ	3	жилвтж	1
бәрг	3	барг	15
кслхлә	3	кслхла	1
акишлә	3	акишла	2
шүүрхлә	3	шуурхла	1
халһ	3	халг	5
әмднь	3	амднь	1
хорсҗ	3	хорсж	1
хорһдад	3	хоргдад	2
цәәтн	3	цаатн	50
гнчкәд	3	гнчкад	1
ңег	3	нег	4194
зөг	3	зог	10
һән	3	һян	1
бәәш	3	бааш	1
өрәднь	3	ораднь	5
санҗах	3	санжах	1
шилмүд	3	шилмуд	1
хәләс	3	халас	5
эң-зах	3	эн-зах	1
үрү	3	уру	3
харһдм	3	харгдм	1
көм	3	ком	1
үснд	3	уснд	136
үгцх	3	угцх	1
бәәвлә	3	баавла	7
зүсләд	3	зуслад	1
баһнь	3	багнь	4
сөрәд	3	сорад	11
баһин	3	багин	62
һарлдҗ	3	һарлдж	1
түрглсн	3	турглсн	2
өрәлдәд	3	оралдад	8
дүд	3	дуд	35
нәй	3	най	4
өөлтхә	3	оолтха	1
болҗахмч	3	болжахмч	1
үүлнь	3	уулнь	5
ирә	3	иря	1
ирә	3	ире	1
цән	3	цан	39
цән	3	цен	1
гүд	3	гуд	5
әмни	3	амни	3
бүлх	3	булх	2
цөгцән	3	цогцан	28
сәәхтә	3	саахта	1
дәвв	3	давв	9
бәрхм	3	бархм	1
хәг	3	хаг	5
саңд	3	санд	1
пионермүд	3	пионермуд	1
тәк	3	так	2
тәк	3	тек	12
зәәлх	3	заалх	1
зәәлх	3	зеелх	1
мәл	3	мал	476
мәл	3	мел	703
саңгдна	3	сангдна	80
дүүтә	3	дуута	36
тәәвә	3	таава	3
җодв	3	жодв	1
тәәх	3	таах	1
тәәх	3	теех	1
өршәх	3	оршах	4
сәкл	3	сакл	42
сәкл	3	секл	1
дасҗасн	2	дасжасн	2
тогтнулҗ	2	тогтнулж	1
дәврлһн	2	деврлһн	1
хүвәс	2	хувас	1
гисң	2	гисн	1376
бәрхән	2	бархан	1
тәәлхлә	2	таалхла	2
зүүхлә	2	зуухла	2
күд	2	куд	2
мөрдхлә	2	мордхла	13
суңһхла	2	сунһхла	1
үүрүләд	2	уурулад	14
үсләд	2	услад	14
өрсн	2	орсн	298
өрмин	2	ормин	1
өрнәс	2	орнас	11
нү	2	ну	9
өдн	2	одн	94
һүрвдгч	2	һурвдгч	118
таҗрха	2	тажрха	1
тәнәд	2	танад	14
тәрснә	2	тарсна	2
үрг	2	ург	4
цөгцнь	2	цогцнь	46
седклтәв	2	седклтев	1
соңсҗах	2	сонсжах	1
түүлдәд	2	туулдад	1
түшнәв	2	тушнав	1
аһа	2	ага	1
хөвд	2	ховд	2
командлҗ	2	командлж	1
күрхт	2	курхт	1
түл	2	тул	6
басҗ	2	басж	2
өрд	2	орд	1
зооһан	2	зооган	13
аңд	2	анд	4
нәәдә	2	наада	1
бүүрән	2	бууран	2
дүүд	2	дууд	12
тавглҗ	2	тавглж	1
түрхн	2	турхн	1
таалмҗтаһар	2	таалмжтаһар	1
өрмд	2	ормд	164
мәңгрсн	2	мангрсн	1
хәәхин	2	хаахин	1
хөргдәд	2	хоргдад	2
түлчкәд	2	тулчкад	1
хөвби	2	ховби	1
өлвр	2	олвр	8
басмҗ	2	басмж	1
иньглҗ	2	иньглж	1
мө	2	мо	5
зүг	2	зуг	1932
чиңгс	2	чингс	19
нөгчн	2	нёгчн	1
үрдәс	2	урдас	4
өлнәс	2	олнас	24
хәлсн	2	халсн	20
эзлхлә	2	эзлхла	1
бәрснә	2	барсна	1
командирмүдт	2	командирмудт	1
әх	2	эх	58
әх	2	ах	623
бүч	2	буч	1
делггдҗ	2	делггдж	1
болһҗалав	2	болһжалав	1
цаң	2	цан	39
әв	2	эв	21
әв	2	ав	158
оньһҗахш	2	оньһжахш	1
түләтә	2	тулата	1
әмттә	2	амтта	11
өөһин	2	ооһин	1
шоодҗана	2	шооджана	2
экөн	2	экон	3
теврөд	2	теврод	1
дәкч	2	дакч	1
түшчкәд	2	тушчкад	2
тәәлүр	2	таалур	1
әмәр	2	амар	28
цөгцин	2	цогцин	11
бүслхин	2	буслхин	1
кирсәр	2	кирсар	1
холҗх	2	холжх	1
хөвиг	2	ховиг	1
нүүрнь	2	нуурнь	1
унтрҗах	2	унтржах	1
үүрлхәр	2	уурлхар	1
зүүлһх	2	зуулһх	1
үүлч	2	уулч	1
үүлдән	2	уулдан	2
уһан	2	уган	24
зүң	2	зун	516
төм-төм	2	том-том	1
үлм	2	улм	715
хоораң	2	хооран	329
цөгцтә	2	цогцта	50
өриг	2	ориг	6
тән	2	тан	14
гиичнриң	2	гиичнрин	7
үсн-цасн	2	усн-цасн	32
өрдг	2	ордг	138
үүрлдго	2	уурлдго	1
үүрлнәв	2	уурлнав	2
болсң	2	болсн	871
даальңта	2	даальнта	1
үүһн	2	ууһн	47
цөгцдән	2	цогцдан	5
туңһа	2	тунһа	1
һр	2	гр	4
үснәннь	2	уснаннь	2
хоорндаң	2	хоорндан	309
үнә	2	уна	2
сәд	2	сад	19
сәд	2	сед	14
гән	2	ген	4
түүно	2	тууно	1
юң	2	юн	1338
бәәсң	2	баасн	8
баралхҗ	2	баралхж	1
тәш	2	таш	12
