style	correct	degraded
soft_h	Гөрәсн нег ормдан зогсҗ идшлхш.	Гёрясн нег ормдан зогсж идшлхш.
partial:no_schwa	Гөрәсн нег ормдан зогсҗ идшлхш.	Гөрясн нег ормдан зогсҗ идшлхш.
soft_g	Хаана йосна цагт, харңһу йовсн учрар хальмг улс баячуд, нойдуд, эәсңгүдт болн хаҗуһин орс баячудт дам-дам заргдҗ, даҗрулҗ йовсмн.	Хаана йосна цагт, харнгу йовсн учрар хальмг улс баячуд, нойдуд, ээснгюдт болн хажугин орс баячудт дам-дам заргдж, дажрулж йовсмн.
bare	Балһсна тал дунд гражданск болн Алдр Төрскни дәәнд әмән өгсн баатрмудын үкәр.	Балгсна тал дунд гражданск болн Алдр Торскни даанд аман огсн баатрмудын укар.
bare_h	Һазр хучад орсн цаһан цаснас болн деерәс мандлсн арвн тавна сарин толяс иштә, өдрлә әдл сарул билә.	Hазр хучад орсн цаhан цаснас болн деерас мандлсн арвн тавна сарин толяс ишта, одрла адл сарул била.
e_style	Тегәд хойр җил дараһар эгчм намаг дахад нааран нисҗ ирдг билә.	Тегед хойр жил дараhар эгчм намаг дахад нааран нисж ирдг биле.
partial:no_h	Тегәд хойр җил дараһар эгчм намаг дахад нааран нисҗ ирдг билә.	Тегәд хойр җил дараhар эгчм намаг дахад нааран нисҗ ирдг билә.
russian	Медхәр седдг күн чигн уга.	Медхяр седдг кюн чигн уга.
mixed	Киштә Батаг буульсн болҗ келв.	Киштя Батаг буульсн болж келв.
soft_h	Нам хулха—була хойрар бән гиҗ йосндан байҗҗ йовна.	Нам хулха—була хойрар бян гиж йосндан байжж йовна.
soft_g	Не өмссн ңмскүлчн өлзәтә, цаһан хаалһта болҗ.	Не омссн нмскюлчн олзятя, цаган хаалгта болж.
partial:mongol_kb	Не өмссн ңмскүлчн өлзәтә, цаһан хаалһта болҗ.	Не өмссн нмскүлчн өлзятя, цаhан хаалhта болж.
bare	Чамаг эс йилһҗ мед-хләчн чааҗла харһулнав болад хан ик гидгәр цухлдна.	Чамаг эс йилгж мед-хлачн чаажла харгулнав болад хан ик гидгар цухлдна.
bare_h	Зуг эн көвүд манас йилһрдгнь медрләрн, цогцарн.	Зуг эн ковуд манас йилhрдгнь медрларн, цогцарн.
e_style	Кесг оңһцснь хамхрҗ өсрв, кесгнь дорагшан мөстә уснд чивцхәв.	Кесг онhцснь хамхрж осрв, кесгнь дорагшан мосте уснд чивцхев.
russian	Арһ уга, йовх кергтә болв.	Арг уга, йовх кергтя болв.
partial:kazakh_kb	Арһ уга, йовх кергтә болв.	Арһ уга, йовх кергтә болв.
mixed	Нуувчинәр нүүхән белдәд, 1771-гч җилин намрар һучн миңһн өрк-бүл ардан көтлсн Убуш хан ормасн көндрнә.	Нуувчиняр нюухян белдяд, 1771-гч жилин намрар hучн мингhн орк-бюл ардан котлсн Убуш хан ормасн кондрня.
soft_h	Бийнь бийдән зөв авсн теглг нурһта тевк хар көвүн.	Бийнь бийдян зёв авсн теглг нурhта тевк хар кёвюн.
soft_g	Шууглдҗәск көвүд цуг тагчград нам-чнм болад одтцхав.	Шууглджяск кёвюд цуг тагчград нам-чнм болад одтцхав.
bare	Баһчудас баһар келҗәнә «бийсинь зарһ» кех саната.	Багчудас багар келжана «бийсинь зарг» кех саната.
partial:no_schwa	Баһчудас баһар келҗәнә «бийсинь зарһ» кех саната.	Баһчудас баһар келҗяня «бийсинь зарһ» кех саната.
bare_h	Түрүн хойр шавр гер Баһ-Ханатд 1916-гч җилд бәрсмн.	Турун хойр шавр гер Баh-Ханатд 1916-гч жилд барсмн.
e_style	Гелңгин самнрта, ташр зурхач күн, үнәр тиим әср юм сансн болхмб?	Гелнгин самнрта, ташр зурхач кун, унер тиим эср юм сансн болхмб?
russian	Зөвәр йовчксн цагт нег көлнь булхад цәв күртлән орв, модарн дөң кеһәд, тер көлән татад авчкхла, наадк көлнь булхад орҗ одв.	Зёвяр йовчксн цагт нег кёлнь булхад цяв кюртлян орв, модарн дёнг кегяд, тер кёлян татад авчкхла, наадк кёлнь булхад ордж одв.
mixed	Зуг нег цөөкн час давхла, хойр үр дәкнәс шатран тәвчксн суудмн...	Зуг нег цоокн час давхла, хойр ур дякняс шатран тявчксн суудмн...
partial:no_h	Зуг нег цөөкн час давхла, хойр үр дәкнәс шатран тәвчксн суудмн...	Зуг нег цөөкн час давхла, хойр үр дәкнәс шатран тәвчксн суудмн...
soft_h	Эн тана колхозин сәәхн тохмта, цевр цуста аҗрһст һал өгәд шатасн улс ода чигн олдад угаҗ.	Эн тана колхозин сяяхн тохмта, цевр цуста ажрhст hал огяд шатасн улс ода чигн олдад угаж.
soft_g	Герлтә өдрмүд дәкнәс ирх, гейүрҗ бидн терүг санх, кезәңк зөрмгчнрин туурмҗла әдл күчтә баатр терүнә диилврнь кезәд чигн мана зүркнд!	Герлтя одрмюд дякняс ирх, гейурж бидн терюг санх, кезянк зёрмгчнрин туурмжла эдл кючтя баатр терюня диилврнь кезяд чигн мана зюркнд!
bare	Генткн ирсн дөңгәр омг авад, шүрүн дәврлһ кесн цергчнр бүслврәс һарв.	Генткн ирсн донгар омг авад, шурун даврлг кесн цергчнр буслврас гарв.
bare_h	Цецен-Цеден хар яста күн бәәсмн.	Цецен-Цеден хар яста кун баасмн.
partial:mongol_kb	Цецен-Цеден хар яста күн бәәсмн.	Цецен-Цеден хар яста күн бяясмн.
e_style	Тер дән болһнднь хальмг мөртә церг орлцсмн.	Тер ден болhнднь хальмг морте церг орлцсмн.
russian	Тер өөрд-хальмг үзглл бичҗ һарһв.	Тер оорд-хальмг узглл бичдж гаргв.
mixed	Бата баһасн авн басл му үзв.	Бата баhасн авн басл му узв.
soft_h	Пиитрәс ирсн, шаҗн ламин элч Арвг гелңгд үг өгчәнәв, гиҗ ахлач соңгсхв.	Пиитряс ирсн, шажн ламин элч Арвг гелнгд уг огчяняв, гиж ахлач сонгсхв.
partial:kazakh_kb	Пиитрәс ирсн, шаҗн ламин элч Арвг гелңгд үг өгчәнәв, гиҗ ахлач соңгсхв.	Пиитрәс ирсн, шажн ламин элч Арвг гелңгд үг өгчәнәв, гиж ахлач соңгсхв.
soft_g	Сәәнәр тоолхла, Советин йосн эс ирсн болхла, Бәргәс-Чонс арвна тохм-уңг ода тасрҗ одсн бәәх билә.	Сяяняр тоолхла, Советин йосн эс ирсн болхла, Бяргяс-Чонс арвна тохм-унг ода тасрж одсн бяях биля.
bare	Тиигәд бөәһә бәәтл, Тентл хаанахң һурвдгч марһа ө угаһар дөрвлҗләд зорад дошилһәд орксн, дөрвн шана, дөрвн хаҗу еңцгнь мел әдл зандн мод илгәнә.	Тиигад боага баатл, Тентл хаанахн гурвдгч марга о угагар дорвлжлад зорад дошилгад орксн, дорвн шана, дорвн хажу енцгнь мел адл зандн мод илгана.
bare_h	Дорҗ гер зөв эргәд, дорак уласнь авн герин ора күртлнь болһамҗтаһар шинҗлв.	Дорж гер зов эргад, дорак уласнь авн герин ора куртлнь болhамжтаhар шинжлв.
e_style	Терг дахсн ноха болсн, тенсн 'көвү, кен щколд орулҗ авх билә.	Терг дахсн ноха болсн, тенсн 'кову, кен щколд орулж авх биле.
partial:no_schwa	Терг дахсн ноха болсн, тенсн 'көвү, кен щколд орулҗ авх билә.	Терг дахсн ноха болсн, тенсн 'көвү, кен щколд орулҗ авх биля.
russian	Тер зәңг соңсн уралын хазгудт: тедниг хәрү эргүлтхә гисн ик заквр өггдсмн.	Тер зянгг сонгсн уралын хазгудт: тедниг хярю эргюлтхя гисн ик заквр оггдсмн.
mixed	Саак ормдан, саак кевәрн махлаһан авад зогсв.	Саак ормдан, саак кевярн махлаhан авад зогсв.
soft_h	Тер тууль «Ленинә ачнр» гидг Элст балһснд һардг газетд барлгдсинь медхәс биш, терүг бичсн күн альд бәәхинь нанд меддг арһ уга бәәсмн.	Тер тууль «Лениня ачнр» гидг Элст балhснд hардг газетд барлгдсинь медхяс биш, терюг бичсн кюн альд бяяхинь нанд меддг арh уга бяясмн.
soft_g	Зәрм өөдән класст сурҗәх көвүд:	Зярм оодян класст суржях кёвюд:
partial:no_h	Зәрм өөдән класст сурҗәх көвүд:	Зәрм өөдән класст сурҗәх көвүд:
bare	Әркән ууһад, махан идәд, көл—һаран тинилһәд, көлсән хагсаһад ирсн цагтзн — Аанан саак Бата домбрт келҗ биилх болҗ һарна.	Аркан уугад, махан идад, кол—гаран тинилгад, колсан хагсагад ирсн цагтзн — Аанан саак Бата домбрт келж биилх болж гарна.
bare_h	Бата, Кольчи хойр эдниг үзчкзд: эднә ард ээдүдтән кесг тшюдулж өосән санлдад, цагин эргц ямараһинь күүндлдәд—«сәәни түрүн, мууһин сүл» гидгнь эн гилдәд йовцхана.	Бата, Кольчи хойр эдниг узчкзд: эдна ард ээдудтан кесг тшюдулж оосан санлдад, цагин эргц ямараhинь куундлдад—«саани турун, мууhин сул» гидгнь эн гилдад йовцхана.
e_style	Тутрһар ю кехмта? — гиҗ эмгн соньмсҗ сурна.	Тутрhар ю кехмта? — гиж эмгн соньмсж сурна.
russian	Оңдан нег туслң хальмгин хотнь—махн.	Онгдан нег туслнг хальмгин хотнь—махн.
partial:mongol_kb	Оңдан нег туслң хальмгин хотнь—махн.	Ондан нег туслн хальмгин хотнь—махн.
mixed	Хаһрха хар җолмд хоюрн бәәҗ.	Хаhрха хар джолмд хоюрн баадж.
soft_h	Мини эцк колхозин мөрнә зи ясдг билә, зуг тер цагт теегин хальмгуд дунд мөрн уга күн уга учрас тедн зи уга бәәҗ чадшго.	Мини эцк колхозин мёрня зи ясдг биля, зуг тер цагт теегин хальмгуд дунд мёрн уга кюн уга учрас тедн зи уга бяяж чадшго.
soft_g	Та бүрүц эндр көвүтәһән хонад маңһдур хәртн.	Та бюрюц эндр кёвютягян хонад мангдур хяртн.
bare	Чини хонсн ормас олҗ, авлав. — гиҗ таньдго залу бас байрлҗ келв.	Чини хонсн ормас олж, авлав. — гиж таньдго залу бас байрлж келв.
partial:kazakh_kb	Чини хонсн ормас олҗ, авлав. — гиҗ таньдго залу бас байрлҗ келв.	Чини хонсн ормас олж, авлав. — гиж таньдго залу бас байрлж келв.
bare_h	Тиигәд хальмг церг орс цергин нег әңгнь болв.	Тиигад хальмг церг орс цергин нег ангнь болв.
e_style	Дарукинь сарин шинд, хар салан экнд мини хеө-нәс кехмн.	Дарукинь сарин шинд, хар салан экнд мини хео-нес кехмн.
russian	Олн зүсн сәәхн өңгтә һольшг улс орҗ һарад сольвлдад бәәцхана.	Олн зюсн сяяхн онггтя гольшг улс ордж гарад сольвлдад бяяцхана.
mixed	Сансан күцәсн, седклчн төвкнсн, ода байрта йовдг болхговч?	Сансан кюцясн, седклчн товкнсн, ода байрта йовдг болхговч?
partial:no_schwa	Сансан күцәсн, седклчн төвкнсн, ода байрта йовдг болхговч?	Сансан күцясн, седклчн төвкнсн, ода байрта йовдг болхговч?
soft_h	Түрүн сумарн өмнк машиһинь шатав.	Тюрюн сумарн омнк машиhинь шатав.
soft_g	Ода хальмгуд эздүдт биш, эврән бийиннь төлә заһс бәрдг болв.	Ода хальмгуд эздюдт биш, эврян бийиннь тёля загс бярдг болв.
bare	Чик, чик Бата чик йөрәҗәнә! гилдәд, энд, тенд тарху бәәсн көвүд гүүҗ ирәд, баглрҗасн берәд, күүкдиг һарһаран бәрлдчкәд түлкәд клубур шууглдад орцхав.	Чик, чик Бата чик йоражана! гилдад, энд, тенд тарху баасн ковуд гууж ирад, баглржасн берад, куукдиг гаргаран барлдчкад тулкад клубур шууглдад орцхав.
bare_h	Эврән һарт орҗ ирсн зөөр!	Эвран hарт орж ирсн зоор!
partial:no_h	Эврән һарт орҗ ирсн зөөр!	Эврән hарт орҗ ирсн зөөр!
e_style	Дәкәд тавн җилин туршарт әмт хәәһәд, хәрү күүнд хүврхәр ухалад, зальврад йовлав.	Декед тавн жилин туршарт эмт хееhед, херу куунд хуврхер ухалад, зальврад йовлав.
russian	Ура! — гиһәд, «цаһачуд» болҗ наачасн көвүд хәәкрлдв.	Ура! — гигяд, «цагачуд» болдж наачасн кёвюд хяякрлдв.
mixed	Бавур, Хар Манҗ Бата һурвн хөд, үкрмүдән ниилүлчксн, үрү талнь һарад, хәәкрлдәд гер талан тууҗ йовцхана.	Бавур, Хар Манж Бата гурвн хёд, укрмюдян ниилюлчксн, урю талнь гарад, хяякрлдяд гер талан тууж йовцхана.
soft_h	Хама юн бәәхнь сәәнәр. йилһрхш.	Хама юн бяяхнь сяяняр. йилhрхш.
partial:mongol_kb	Хама юн бәәхнь сәәнәр. йилһрхш.	Хама юн бяяхнь сяяняр. йилhрхш.
soft_g	Хальмг республикд ончтань олн бүлтә өркс, тер учрас көлтә, энд гермүд салу, олн хората гермүдин проектс батлгдсмн.	Хальмг республикд ончтань олн бюлтя оркс, тер учрас кёлтя, энд гермюд салу, олн хората гермюдин проектс батлгдсмн.
bare	Ичр хату болад, чини эцк чамд болн экдчн буурха хар җолман үлдәһәд, үкҗ одсмн.	Ичр хату болад, чини эцк чамд болн экдчн буурха хар жолман улдагад, укж одсмн.
bare_h	Тегәд улм шулун-шулунар модна аңгудур болн шовудур ирә бәәҗ, теднлә иҗлдәд ирүв.	Тегад улм шулун-шулунар модна ангудур болн шовудур ира бааж, теднла ижлдад ирув.
e_style	Эн мөрд өскҗәх, мини тавгг цокхнь яһна!	Эн морд оскжех, мини тавгг цокхнь яhна!
partial:kazakh_kb	Эн мөрд өскҗәх, мини тавгг цокхнь яһна!	Эн мөрд өскжәх, мини тавгг цокхнь яһна!
russian	Нам күн төртән авсн уга.	Нам кюн тёртян авсн уга.
mixed	Эмнүлхәр ирдг улснь олн болчкад, Балтг Батаг мартчксн бәәдлтә.	Эмнулхер ирдг улснь олн болчкад, Балтг Батаг мартчксн беедлте.
soft_h	Ода намрин күнд кедлмтн һархла, кимдәр бичкн көвү авад, намаг чолуна көдлмшт көөҗәнә.	Ода намрин кюнд кедлмтн hархла, кимдяр бичкн кёвю авад, намаг чолуна кёдлмшт кёожяня.
soft_g	Мана шатҗах һал деер аль-бис мекәр ус кеҗ унтрахар седнә.	Мана шатжах гал деер аль-бис мекяр ус кеж унтрахар седня.
partial:no_schwa	Мана шатҗах һал деер аль-бис мекәр ус кеҗ унтрахар седнә.	Мана шатҗах һал деер аль-бис мекяр ус кеҗ унтрахар седня.
bare	Тернь көдлмшәсн зулсн хальмгин ардас полицмүд тәвдг.	Тернь кодлмшасн зулсн хальмгин ардас полицмуд тавдг.
bare_h	Сән нилчән халдахш... гиһәд дуулдг дууһан арһул ишкрәд кевтнә.	Сан нилчан халдахш... гиhад дуулдг дууhан арhул ишкрад кевтна.
e_style	Ода күүнәс әәх керг терүнд уга бәәсмн: хотнд цуһараһаснь байн, күн болһн терүнәс өгйәһәр болн өртәһәр хот-хол сурҗ авдг бәәсмн.	Ода куунес эех керг терунд уга беесмн: хотнд цуhараhаснь байн, кун болhн терунес огйеhер болн ортеhер хот-хол сурж авдг беесмн.
russian	Теднчин соңгсхларн чамд дур уга болцхах.	Теднчин сонггсхларн чамд дур уга болцхах.
partial:no_h	Теднчин соңгсхларн чамд дур уга болцхах.	Теднчин соңгсхларн чамд дур уга болцхах.
mixed	Кер мөрнә дел теврсн күргн көвүн берин бәрҗәсн торһн альчуриг довтла йовҗ көмлҗ авн мөрән татад зөв эргәд буув.	Кер морня дел теврсн кургн ковун берин бяржясн торhн альчуриг довтла йовж комлж авн морян татад зов эргяд буув.
soft_h	Зуг мана Советск йосн хальмг эгл болн күч-көлсч улст ус авч ирв.	Зуг мана Советск йосн хальмг эгл болн кюч-кёлсч улст ус авч ирв.
soft_g	Теегин зо талас худгур орсн җим хаалһар тиирңнәд хатрлдсн мөрд түрглднә.	Теегин зо талас худгур орсн жим хаалгар тиирнняд хатрлдсн мёрд тюрглдня.
bare	Чи цахра Манҗ хурлин хәәрнд күртә бәәҗ: кишг- ЧИН ирәд, КИИМЧИН 110ЛЫЖ.ӘХ бәәдлтә!	Чи цахра Манж хурлин хаарнд курта бааж: кишг- Чин ирад, Киимчин 110Лыж.Ах баадлта!
partial:mongol_kb	Чи цахра Манҗ хурлин хәәрнд күртә бәәҗ: кишг- ЧИН ирәд, КИИМЧИН 110ЛЫЖ.ӘХ бәәдлтә!	Чи цахра Манж хурлин хяярнд күртя бяяж: кишг- Чин иряд, Киимчин 110Лыж.Эх бяядлтя!
bare_h	Иигәд дуулад күрдән эргүлдг билә.	Иигад дуулад курдан эргулдг била.
e_style	Хальмг театрт орс баг бас бәәнә.	Хальмг театрт орс баг бас беене.
russian	Сәәхн, сәәхн манҗрмудиг дуудад гиичләд, гелңгүд хоорндан теҗг үгәр күүндгиг Бата меддг билә.	Сяяхн, сяяхн манджрмудиг дуудад гиичляд, гелнггюд хоорндан теджг угяр кюундгиг Бата меддг биля.
mixed	Нег өдр хамрин бел тал хөөһән тууһад һарад ирсн цагтнь, Хамрин белин хаалһар нег мөрн тергн аашна, тергн деер негл күн үзгднә.	Нег одр хамрин бел тал хооhян тууhад hарад ирсн цагтнь, Хамрин белин хаалhар нег морн тергн аашна, тергн деер негл кюн узгдня.
partial:kazakh_kb	Нег өдр хамрин бел тал хөөһән тууһад һарад ирсн цагтнь, Хамрин белин хаалһар нег мөрн тергн аашна, тергн деер негл күн үзгднә.	Нег өдр хамрин бел тал хөөһән тууһад һарад ирсн цагтнь, Хамрин белин хаалһар нег мөрн тергн аашна, тергн деер негл күн үзгднә.
soft_h	Тер нууртнь зерлг һалун, нуһсн, цах болн оңдан олн зүсн шовуд ниргәд бәәнә.	Тер нууртнь зерлг hалун, нуhсн, цах болн ондан олн зюсн шовуд ниргяд бяяня.
soft_g	Тиим түрү-зүдү хальмг мөрн даадг, чаңһ-чииргин тускар «Җаңһрт» бәәнә.	Тиим тюрю-зюдю хальмг мёрн даадг, чанг-чииргин тускар «Жангрт» бяяня.
bare	Баһаочн авн асрлав гиснтн мел чик.	Багаочн авн асрлав гиснтн мел чик.
bare_h	Ода чамла әдл күһәр хө хәрүлһәд бәәҗ больш уга.	Ода чамла адл куhар хо харулhад бааж больш уга.
partial:no_schwa	Ода чамла әдл күһәр хө хәрүлһәд бәәҗ больш уга.	Ода чамла эдл күһяр хө хярүлһяд бяяҗ больш уга.
e_style	Даң яһад бичкнәр йовад йовхм-б?	Дан яhад бичкнер йовад йовхм-б?
russian	Герин ээн гергн Бата герән санад гейүрҗәхинь медәд нег асхн Бата цә самрҗ суутл:	Герин ээн гергн Бата герян санад гейурджяхинь медяд нег асхн Бата ця самрдж суутл:
mixed	Ут хаалһд зовад-түрәд ирсн улс теднә өмнәс хәрүцдг арһ уга болв.	Ут хаалгд зовад-тюряд ирсн улс тедня омняс хярюцдг арг уга болв.
soft_h	Авхмн, земго көвүн!— гиҗ гер—бүлнь нег дууһар эевчлцхав.	Авхмн, земго кёвюн!— гиж гер—бюлнь нег дууhар эевчлцхав.
partial:no_h	Авхмн, земго көвүн!— гиҗ гер—бүлнь нег дууһар эевчлцхав.	Авхмн, земго көвүн!— гиҗ гер—бүлнь нег дууhар эевчлцхав.
soft_g	Иим теркә мөрн кеер һарад ю һарһхинь кен медхв?	Иим теркя мёрн кеер гарад ю гаргхинь кен медхв?
bare	Тер бийнь мана һазрас бичкн одн болҗ үзгднә.	Тер бийнь мана газрас бичкн одн болж узгдна.
bare_h	Тернь мана һарт гиҗ санхмн.	Тернь мана hарт гиж санхмн.
e_style	Альхна эрән үзгддгән уурад ирсн хо-бүрүл цаг билә.	Альхна эрен узгддген уурад ирсн хо-бурул цаг биле.
partial:mongol_kb	Альхна эрән үзгддгән уурад ирсн хо-бүрүл цаг билә.	Альхна эрян үзгддгян уурад ирсн хо-бүрүл цаг биля.
russian	Ода күртл оддудин нер мартад угавч?—гиҗ-Занда Батан келҗәсиг чиләлһл уга сурв.	Ода кюртл оддудин нер мартад угавч?—гидж-Занда Батан келджясиг чилялгл уга сурв.
mixed	Оһтрһун оддуд то күцәд никтрәд оч.	Оhтрhун оддуд то кюцед никтред оч.
soft_h	Цаһан эн хойр гиичнр унтад босад, фермдән одад үркмүдән сааһад, үсән орулҗ өгәд.	Цаhан эн хойр гиичнр унтад босад, фермдян одад уркмюдян сааhад, усян орулж огяд.
soft_g	Түрү-зүдүһәс көлтә ууля бәәтлнь тер улсин нүднь уутьрад, чирәнь шарлад ирв.	Тюрю-зюдюгяс кёлтя ууля бяятлнь тер улсин нюднь уутьрад, чирянь шарлад ирв.
partial:kazakh_kb	Түрү-зүдүһәс көлтә ууля бәәтлнь тер улсин нүднь уутьрад, чирәнь шарлад ирв.	Түрү-зүдүһәс көлтә ууля бәәтлнь тер улсин нүднь уутьрад, чирәнь шарлад ирв.
bare	Би орн-нутган тиигҗ дорацулхн угав! — гиһәд Манц баатр үлдән шүүрв.	Би орн-нутган тиигж дорацулхн угав! — гигад Манц баатр улдан шуурв.
bare_h	Бавур халу дүрәд, бәәсн бийнь чичрәд, тесҗ чадад, хурдлҗ одад моньдасин барун ээмәснь шүүрч авад, эүн көлднь дегә-егәд уңһав...	Бавур халу дурад, баасн бийнь чичрад, тесж чадад, хурдлж одад моньдасин барун ээмаснь шуурч авад, эун колднь дега-егад унhав...
e_style	Эврәннь заң-бәәдләрн эн хойр мел ирлцшго, тер бийнь йир баттаһар эдн үүрлдмн.	Эвреннь зан-беедлерн эн хойр мел ирлцшго, тер бийнь йир баттаhар эдн уурлдмн.
russian	Дунд Хурлын әәмгт миңһн өрк бәәсмн, зуг орс бичг умшдг нег чигн күн олдсмн уга.	Дунд Хурлын эямгт минггн орк бяясмн, зуг орс бичг умшдг нег чигн кюн олдсмн уга.
partial:no_schwa	Дунд Хурлын әәмгт миңһн өрк бәәсмн, зуг орс бичг умшдг нег чигн күн олдсмн уга.	Дунд Хурлын эямгт миңһн өрк бяясмн, зуг орс бичг умшдг нег чигн күн олдсмн уга.
mixed	Зәрмдән икәр уурнь күрчксн буур күүнә чик чигн хазчксн зәңг бас соңслав.	Зярмдян икяр уурнь курчксн буур кууня чик чигн хазчксн зянг бас сонслав.
soft_h	Гелңгүд нег-негн талан хәләдәд, дораһур чимклдәд, эмкәһән зуулдв.	Гелнгюд нег-негн талан хялядяд, дораhур чимклдяд, эмкяhян зуулдв.
soft_g	Гелңгүд цахра Манҗ гидг бәәсмн.	Гелнгюд цахра Манж гидг бяясмн.
bare	— Кемрҗән дола хонад дотринь чамд өгәд бәәхлә, аңһуч нохасан би яһҗ асрхмби?	— Кемржан дола хонад дотринь чамд огад баахла, ангуч нохасан би ягж асрхмби?
partial:no_h	— Кемрҗән дола хонад дотринь чамд өгәд бәәхлә, аңһуч нохасан би яһҗ асрхмби?	— Кемрҗән дола хонад дотринь чамд өгәд бәәхлә, аңhуч нохасан би яhҗ асрхмби?
bare_h	Өдрин дууснкүүнлә харһл уга йовҗ болхш.	Одрин дууснкуунла харhл уга йовж болхш.
e_style	Кемр гертән бәәхләнь нурһнаннь арсинь авад гер күртлән йовһар көөһәд авч ирнәв—гиһәд Богзг күрңгән тохулҗ унад гүүлгәд һарв.	Кемр гертен беехлень нурhнаннь арсинь авад гер куртлен йовhар кооhед авч ирнев—гиhед Богзг курнген тохулж унад гуулгед hарв.
russian	Гражданск, Төрскни Алдр дәәни героймудын болн 30-гч җилмүдк пионермүдин эврәннь гиичмүдин өмнәһүр 80-гч җилмүдин пионермүд дегц ишклдәд, деегшән хәләлдәд һарцхав.	Гражданск, Тёрскни Алдр дяяни героймудын болн 30-гч джилмюдк пионермюдин эвряннь гиичмюдин омнягюр 80-гч джилмюдин пионермюд дегц ишклдяд, деегшян хялялдяд гарцхав.
mixed	Үсн әдл сарул үсәрәд бәәнә.	Усн эдл сарул усеред беене.
partial:mongol_kb	Үсн әдл сарул үсәрәд бәәнә.	Үсн эдл сарул үсяряд бяяня.
soft_h	Тер ухаһан эндрк сурһульчнрла, дәкәд хөрн җил болад тер җирһл-кишгин эзн болх улсла, таднла зөвшлх седкл орв.	Тер ухаhан эндрк сурhульчнрла, дякяд хёрн жил болад тер жирhл-кишгин эзн болх улсла, таднла зёвшлх седкл орв.
soft_g	«Ка тустн, цуһар нег ухата һәәнр бәәҗл эднтн.	«Ка тустн, цугар нег ухата гяянр бяяжл эднтн.
bare	Зүс-зүркәрн би йир сәәхн биләв.	Зус-зуркарн би йир саахн билав.
bare_h	Эврәннь харңһуһар бәргдҗ йовсн өвкнр, эк, эцгнрән гемнҗ болш уга..	Эвраннь харнhуhар баргдж йовсн овкнр, эк, эцгнран гемнж болш уга..
partial:kazakh_kb	Эврәннь харңһуһар бәргдҗ йовсн өвкнр, эк, эцгнрән гемнҗ болш уга..	Эврәннь харңһуһар бәргдж йовсн өвкнр, эк, эцгнрән гемнж болш уга..
e_style	Эн күн баһас авн, эн хурлин үкр хәрүләд цахрт өссн, олн балчр күүкдтә, үрвәд көдләд, көлсән күцәд эдләд бәәдг күн.	Эн кун баhас авн, эн хурлин укр херулед цахрт оссн, олн балчр куукдте, урвед кодлед, колсен куцед эдлед беедг кун.
russian	Не Богта та үг келхәр бәнт аль угай? дурнь гиҗ сельсоветин ахлач олна һар өргүлх бәәдл һарад босв.	Не Богта та уг келхяр бянт аль угай? дурнь гидж сельсоветин ахлач олна гар оргюлх бяядл гарад босв.
mixed	Теднә модн гермүдиг колхоз хулдҗ авад бәрснь тер.	Тедна модн гермюдиг колхоз хулддж авад барснь тер.
soft_h	Цаһаниг эрг-ург гитл Бата сүркрәд унтад одв.	Цаhаниг эрг-ург гитл Бата сюркряд унтад одв.
partial:no_schwa	Цаһаниг эрг-ург гитл Бата сүркрәд унтад одв.	Цаһаниг эрг-ург гитл Бата сүркряд унтад одв.
soft_g	Теднд эаргдсн деерән әмән өгхм биш.	Теднд эаргдсн деерян эмян огхм биш.
bare	Эн хотна ах-дү арвн тавн өрк гөлмд торсн заһсинь әдл кеһәд хуваҗ авдг билә.	Эн хотна ах-ду арвн тавн орк голмд торсн загсинь адл кегад хуваж авдг била.
bare_h	Муута хальмгар сурхас урд Бата хавтхдан бел кечксн эвкәрәрн эләд бәәсн цаасан багшд бәрүлҗ өгәд: ямаран кергәр ирсән орс келәр яашад келв.	Муута хальмгар сурхас урд Бата хавтхдан бел кечксн эвкарарн элад баасн цаасан багшд барулж огад: ямаран кергар ирсан орс келар яашад келв.
e_style	Эн Бататн тер Нәәмн гидг багшт сурҗ йовла.	Эн Бататн тер Неемн гидг багшт сурж йовла.
partial:no_h	Эн Бататн тер Нәәмн гидг багшт сурҗ йовла.	Эн Бататн тер Нәәмн гидг багшт сурҗ йовла.
russian	Одахн күртл алгебриг-зурһадгч классас авн эклҗ школьникүдт сурһдг бәәсмн.	Одахн кюртл алгебриг-зургадгч классас авн эклдж школьникюдт сургдг бяясмн.
mixed	Сурһуләсн юмн эс болхла Батаһар манҗ тәвҗ авад эарх саната.	Сургуласн юмн эс болхла Батагар манж тавж авад эарх саната.
soft_h	Мана советск иньгүд ах-дүүһинәр, цаһан седкләрн дөң болҗахднь бидн икәр ханҗанавидн.	Мана советск иньгюд ах-дюуhиняр, цаhан седклярн дён болжахднь бидн икяр ханжанавидн.
soft_g	Эдн нег юөөрх сергх дурнь күрхләрн:	Эдн нег юоорх сергх дурнь кюрхлярн:
partial:mongol_kb	Эдн нег юөөрх сергх дурнь күрхләрн:	Эдн нег юөөрх сергх дурнь күрхлярн:
bare	Адһм угаһар ухалҗаһад келтн, — гиҗ би теднәс сурҗанав.	Адгм угагар ухалжагад келтн, — гиж би теднас суржанав.
bare_h	Партин даалвр күцәҗ гегән — герл олнд тархалһн ик чинртә, олнд тоомсрта төр болв.	Партин даалвр куцаж геган — герл олнд тархалhн ик чинрта, олнд тоомсрта тор болв.
e_style	Ик олн зүсн өвстә элвг һазр үзвдн.	Ик олн зусн овсте элвг hазр узвдн.
russian	Өдгә цагин хаалһ болн күч-көлгн хөрдгч җилмүдәс авн эклсмн.	Одгя цагин хаалг болн кюч-кёлгн хёрдгч джилмюдяс авн эклсмн.
partial:kazakh_kb	Өдгә цагин хаалһ болн күч-көлгн хөрдгч җилмүдәс авн эклсмн.	Өдгә цагин хаалһ болн күч-көлгн хөрдгч жилмүдәс авн эклсмн.
mixed	Намаг хәрү бичә авч ир гилә гив.	Намаг харю бича авч ир гила гив.
soft_h	Нәәрлдәд, нөр уга хонсн хүрмин эалус энд-тендәс цуглрлдәд, мөрдән авч ирәд тохад бел кечкәд, ахлачан хәәҗ авч ирәд өвиннь әркән цацлдад өв авхдан белн болцхав.	Няярлдяд, нёр уга хонсн хюрмин эалус энд-тендяс цуглрлдяд, мёрдян авч иряд тохад бел кечкяд, ахлачан хяяж авч иряд овиннь эркян цацлдад ов авхдан белн болцхав.
soft_g	Унттг нөөрән ахрич!.. гиҗ Анҗан күүкн мордхд мана бергн дууллус, тенүнлә әдл юмн болҗана гиһич гиҗ Мөцкә хөкрлв.	Унттг нёорян ахрич!.. гиж Анжан кюукн мордхд мана бергн дууллус, тенюнля эдл юмн болжана гигич гиж Мёцкя хёкрлв.
bare	Мел дигтә тер цагт, бидн дөрвдгч класст сурчалавдн.	Мел дигта тер цагт, бидн дорвдгч класст сурчалавдн.
partial:no_schwa	Мел дигтә тер цагт, бидн дөрвдгч класст сурчалавдн.	Мел дигтя тер цагт, бидн дөрвдгч класст сурчалавдн.
bare_h	Эндр, хальмг өрк-бүл оңдан келн-әмтнлә әдл темсәр, хавстар, помидорар болн нань чигн тәрәнә урһмлар хот кенә.	Эндр, хальмг орк-бул ондан келн-амтнла адл темсар, хавстар, помидорар болн нань чигн тарана урhмлар хот кена.
e_style	Сарпинск услдг теегт шиләр бүркчксн мет дөрвлҗн-дөрвлҗн һазрмуд гилвкнә: тернь тутрһ тәрчксн һазрт ус орулчксн учрар деерәс тиигҗ гилвкнә.	Сарпинск услдг теегт шилер буркчксн мет дорвлжн-дорвлжн hазрмуд гилвкне: тернь тутрh терчксн hазрт ус орулчксн учрар деерес тиигж гилвкне.
russian	(Барун хаҗуңкн дакад, шивр-шивр гилдәд ормалдад одцхав).	(Барун хаджунгкн дакад, шивр-шивр гилдяд ормалдад одцхав).
mixed	Шулм болл уга нань юн болһнат!	Шулм болл уга нань юн болhнат!
partial:no_h	Шулм болл уга нань юн болһнат!	Шулм болл уга нань юн болhнат!
soft_h	Кезәнә ах, дү һурвн көвүн бәәҗ.	Кезяня ах, дю hурвн кёвюн бяяж.
soft_g	Зүркм тачаһад, элкм урсад йовна.	Зюркм тачагад, элкм урсад йовна.
bare	«Цаһачудын» командирмүд ю келхән медҗ чадсн уга.	«Цагачудын» командирмуд ю келхан медж чадсн уга.
bare_h	Яһв чигн бәәх болад үгән өгчксн Бата темән ду һарх болһнд, Гришк биян авхар аашна болһад пард-пард гиһәд бәәв...	Яhв чигн баах болад уган огчксн Бата теман ду hарх болhнд, Гришк биян авхар аашна болhад пард-пард гиhад баав...
partial:mongol_kb	Яһв чигн бәәх болад үгән өгчксн Бата темән ду һарх болһнд, Гришк биян авхар аашна болһад пард-пард гиһәд бәәв...	Яhв чигн бяях болад үгян өгчксн Бата темян ду hарх болhнд, Гришк биян авхар аашна болhад пард-пард гиhяд бяяв...
e_style	Зүн бийдк орна өмн баахн харчулан бер цушрсн хар килһсн цулвурин үзүр ширәд сууна.	Зун бийдк орна омн баахн харчулан бер цушрсн хар килhсн цулвурин узур ширед сууна.
russian	Хальмг хан Убуш Джунгарск орн-нутг уга болсинь медә бәәсн бийнь, тиигән кесг миңһн хальмгуд дахулад һархларн, ю сансн болх тер?	Хальмг хан Убуш Джунгарск орн-нутг уга болсинь медя бяясн бийнь, тиигян кесг минггн хальмгуд дахулад гархларн, ю сансн болх тер?
mixed	Җолач өвгән темәнәннь өөр үлдәчкәд һарсн бидн йир алң болувидн.	Джолач овгян темяняннь оор улдячкяд харсн бидн йир алнг болувидн.
soft_h	Ио ях, һарм көшәд бәәв!	Ио ях, hарм кёшяд бяяв!
partial:kazakh_kb	Ио ях, һарм көшәд бәәв!	Ио ях, һарм көшәд бәәв!
soft_g	Дундын медрлтә багшас, эмчәс, летчикәс сән кергән, көдлмшән меддг хөөч деер гиҗ саннав.	Дундын медрлтя багшас, эмчяс, летчикяс сян кергян, кёдлмшян меддг хёоч деер гиж саннав.
bare	Теднә нег ах туша болҗ йовх юмн — хуучна үлдл-хурл!	Тедна нег ах туша болж йовх юмн — хуучна улдл-хурл!
bare_h	Зуг эн хамгартн ик гидг тодрха, делгү цәәлһвр кехмн.	Зуг эн хамгартн ик гидг тодрха, делгу цаалhвр кехмн.
e_style	Сүл хөр һар җилин эргцд эн эргнд бәрсн бийнь, эн җиллә әдл иим ик һаң үзәд уга биләв.	Сул хор hар жилин эргцд эн эргнд берсн бийнь, эн жилле эдл иим ик hан узед уга билев.
partial:no_schwa	Сүл хөр һар җилин эргцд эн эргнд бәрсн бийнь, эн җиллә әдл иим ик һаң үзәд уга биләв.	Сүл хөр һар җилин эргцд эн эргнд бярсн бийнь, эн җилля эдл иим ик һаң үзяд уга биляв.
russian	Тернь, негдгч дууна әңгинь чиләһәд, хойрдгч әңгләнь ирлцүлҗ негдүлсн темдг.	Тернь, негдгч дууна энггинь чилягяд, хойрдгч энгглянь ирлцюлдж негдюлсн темдг.
mixed	Хәрнь иигәд заль һарад ирхмн боллта!	Харнь иигад заль hарад ирхмн боллта!
soft_h	Төгәлңднь ә-чимән гих юмн соңсгдхш.	Тёгялнднь э-чимян гих юмн сонсгдхш.
soft_g	«Мал уга болхла — хальмг уга», — гиҗ кезәнә келдг билә.	«Мал уга болхла — хальмг уга», — гиж кезяня келдг биля.
partial:no_h	«Мал уга болхла — хальмг уга», — гиҗ кезәнә келдг билә.	«Мал уга болхла — хальмг уга», — гиҗ кезәнә келдг билә.
bare	Тер нернь делкәд туурсн улс хальмг күүнә номһн бәрц, өр өвч седкл, гертән ирсн гиич болһниг цаһан седкләрн тосҗ, гиич кедгин тускар тедн бичсн болдг.	Тер нернь делкад туурсн улс хальмг кууна номгн барц, ор овч седкл, гертан ирсн гиич болгниг цаган седкларн тосж, гиич кедгин тускар тедн бичсн болдг.
bare_h	Зервк нег хәләсн бийнь, ямаран гидг соньн болн берк билгтә күн тер зург кеҗ һарһсинь медҗ болхмн».	Зервк нег халасн бийнь, ямаран гидг соньн болн берк билгта кун тер зург кеж hарhсинь медж болхмн».
e_style	Малын идгәс көлтә тедн өшә көөлдв.	Малын идгес колте тедн оше коолдв.
russian	Ишкә герин иргд бөгдиҗәснәс холван деер.	Ишкя герин иргд бёгдиджясняс холван деер.
partial:mongol_kb	Ишкә герин иргд бөгдиҗәснәс холван деер.	Ишкя герин иргд бөгдижясняс холван деер.
mixed	Кесг зун җилин туршарт, хальмг келн-әмтн эврәннь теегән тер күсл болсн бумбин орнла әдл кех таңсг седкл зүүҗ йовсмн.	Кесг зун жилин туршарт, хальмг келн-амтн эвраннь тееган тер кусл болсн бумбин орнла адл кех тангсг седкл зууж йовсмн.
soft_h	Шовуна үр тал давшад күрхлә кермн нанас әәһәд, чичрәд бәәнә, болв зулҗахш.	Шовуна ур тал давшад кюрхля кермн нанас эяhяд, чичряд бяяня, болв зулжахш.
soft_g	Мана хотнд нег көвүн билә: ямаранчн көдлмш һартан авсн хөөн агчмин зуур айта гидг эвтәһәр кечкдг, мана әәмгт уга мергн аңһуч, домбр цокдг, гармуль татдг.	Мана хотнд нег кёвюн биля: ямаранчн кёдлмш гартан авсн хёон агчмин зуур айта гидг эвтягяр кечкдг, мана эямгт уга мергн ангуч, домбр цокдг, гармуль татдг.
bare	Амрар эн бальчг һатлх һазр чамд зааҗ өгсв, йовий, — гиҗ тер залу көвүнд келв, — хаалһдан эврәннь тууҗан чамд келҗ өгсв.	Амрар эн бальчг гатлх газр чамд зааж огсв, йовий, — гиж тер залу ковунд келв, — хаалгдан эвраннь туужан чамд келж огсв.
partial:kazakh_kb	Амрар эн бальчг һатлх һазр чамд зааҗ өгсв, йовий, — гиҗ тер залу көвүнд келв, — хаалһдан эврәннь тууҗан чамд келҗ өгсв.	Амрар эн бальчг һатлх һазр чамд зааж өгсв, йовий, — гиж тер залу көвүнд келв, — хаалһдан эврәннь туужан чамд келж өгсв.
bare_h	Мел өөрдәд күрч ирхләнь нег шовунь деегшән нисәд һарв.	Мел оордад курч ирхлань нег шовунь деегшан нисад hарв.
e_style	-Келх үгән эүркн-дән дүрчкәд, келән шүдәрн оньслчкна.	-Келх уген эуркн-ден дурчкед, келен шудерн оньслчкна.
russian	Тиигәд даарад-көрәд, му хотта бәәдг уршгнь тер.	Тиигяд даарад-кёряд, му хотта бяядг уршгнь тер.
mixed	Оңдан келн-әмтнлә әдл, байрта сән өдрмүд хальмгудт бас бәәнә.	Ондан келн-эмтнля эдл, байрта сян одрмюд хальмгудт бас бяяня.
partial:no_schwa	Оңдан келн-әмтнлә әдл, байрта сән өдрмүд хальмгудт бас бәәнә.	Оңдан келн-эмтнля эдл, байрта сян өдрмүд хальмгудт бас бяяня.
soft_h	Кемр байн болхла иим ут хаалһд йовһар йовдг акад күмбчи? — гиҗ залу сурв.	Кемр байн болхла иим ут хаалhд йовhар йовдг акад кюмбчи? — гиж залу сурв.
soft_g	Тер учрас тедн хошадар көдлнә.	Тер учрас тедн хошадар кёдлня.
bare	Өргн теегт җилин эргцд көк ноһан, киитн булгин усн гүүдг бәәҗ.	Оргн теегт жилин эргцд кок ноган, киитн булгин усн гуудг бааж.
bare_h	Нег пар царнь хаһлсн һазрар йовхла, хойрдгчнь хаҗиһәд һарч оддмн.	Нег пар царнь хаhлсн hазрар йовхла, хойрдгчнь хажиhад hарч оддмн.
partial:no_h	Нег пар царнь хаһлсн һазрар йовхла, хойрдгчнь хаҗиһәд һарч оддмн.	Нег пар царнь хаhлсн hазрар йовхла, хойрдгчнь хаҗиhәд hарч оддмн.
e_style	Көлән ишкх болһнднь шухтнсн цасна әәһәс оңдан ә үкрчд кесгтән соңсгдсн уга.	Колен ишкх болhнднь шухтнсн цасна эеhес ондан э укрчд кесгтен сонсгдсн уга.
russian	Бата гүүһә йовҗ цаасан хәләһәд йовна.	Бата гюугя йовдж цаасан хялягяд йовна.
mixed	Кедү өнчн-өвү үлдәлә тер дән!..	Кеду ончн-ову улдяля тер дян!..
soft_h	Я, мана ачнр, җичнр цуһарн иим ханцн, хорма уга юмсуд өмсцхана.	Я, мана ачнр, жичнр цуhарн иим ханцн, хорма уга юмсуд омсцхана.
partial:mongol_kb	Я, мана ачнр, җичнр цуһарн иим ханцн, хорма уга юмсуд өмсцхана.	Я, мана ачнр, жичнр цуhарн иим ханцн, хорма уга юмсуд өмсцхана.
soft_g	Болв күүкнь мөрнәннь җолаг эцкиннь һарас алдулҗ авад, хаҗугшан довтлад һарв.	Болв кюукнь мёрняннь жолаг эцкиннь гарас алдулж авад, хажугшан довтлад гарв.
bare	Өвс хадсн цагт шалһла харһад килнцән халдаһад йовцхадг билә.	Овс хадсн цагт шалгла харгад килнцан халдагад йовцхадг била.
bare_h	Ода бийнь тер өлгәдән, ю чигн медшго.	Ода бийнь тер олгадан, ю чигн медшго.
e_style	Тенүнәс авн Лиҗ орсиг келә бәәҗ нүдинь көкрүлчкдг күн гиһәд зәңг тархасн болдг.	Тенунес авн Лиж орсиг келе бееж нудинь кокрулчкдг кун гиhед зенг тархасн болдг.
partial:kazakh_kb	Тенүнәс авн Лиҗ орсиг келә бәәҗ нүдинь көкрүлчкдг күн гиһәд зәңг тархасн болдг.	Тенүнәс авн Лиж орсиг келә бәәж нүдинь көкрүлчкдг күн гиһәд зәңг тархасн болдг.
russian	Терүн деер нег чигн эндү уга.	Терюн деер нег чигн эндю уга.
mixed	Не, эалус, даарснд хулс түл, өлсснд өвцү чан гидг эс билү!	Не, эалус, даарснд хулс тул, олсснд овцу чан гидг эс билу!
soft_h	Мернәнм көләс шүүрсй болхла хад алчк биләв! гиҗ шүрүлкв.	Мернянм кёляс шюурсй болхла хад алчк биляв! гиж шюрюлкв.
soft_g	Зуг нег дәкҗ мана орн-нутгур өшәтнр дәврәд, мини эцкин цергиг күүчәд, мана бәәшң бүсләд авчкв.	Зуг нег дякж мана орн-нутгур ошятнр дявряд, мини эцкин цергиг кюучяд, мана бяяшн бюсляд авчкв.
partial:no_schwa	Зуг нег дәкҗ мана орн-нутгур өшәтнр дәврәд, мини эцкин цергиг күүчәд, мана бәәшң бүсләд авчкв.	Зуг нег дякҗ мана орн-нутгур өшятнр дявряд, мини эцкин цергиг күүчяд, мана бяяшң бүсляд авчкв.
bare	XVIII зун җилин хойрдгч өрәлднь өмн үзгин теегиг орс крестьянмуд эклҗ эдлсмн.	XVIII зун жилин хойрдгч оралднь омн узгин теегиг орс крестьянмуд эклж эдлсмн.
bare_h	Тер хоорнд дүүргәд аччксн автомашид болн тергд йовҗ одцхав.	Тер хоорнд дуургад аччксн автомашид болн тергд йовж одцхав.
e_style	Мана эцгнрт иим кишг яһад эс заясмб?	Мана эцгнрт иим кишг яhад эс заясмб?
russian	Терүнә нертә уульнцс Элст балһснд, Яшкуль болн Хулхт селәнд бәәнә.	Терюня нертя уульнцс Элст балгснд, Яшкуль болн Хулхт селянд бяяня.
partial:no_h	Терүнә нертә уульнцс Элст балһснд, Яшкуль болн Хулхт селәнд бәәнә.	Терүнә нертә уульнцс Элст балhснд, Яшкуль болн Хулхт селәнд бәәнә.
mixed	Зегсн уга шар хулсн түүҗ хадхмн.	Зегсн уга шар хулсн тюудж хадхмн.
soft_h	Җил болһн тер керм Цаһан Амн деер ирнә.	Жил болhн тер керм Цаhан Амн деер ирня.
soft_g	Болв күн болһн салу өркән өндәлһх цаг ирв.	Болв кюн болгн салу оркян ондялгх цаг ирв.
bare	Тедн нуурин көвә тал өөрдәд ирв.	Тедн нуурин кова тал оордад ирв.
partial:mongol_kb	Тедн нуурин көвә тал өөрдәд ирв.	Тедн нуурин көвя тал өөрдяд ирв.
bare_h	Нүдән аняд оркхинь одак хойрин ноолдан үзгдәд, бүлтрҗ одсн нүдн бийүрм өөрдсн болад, хәәкрәд сердг болув.	Нудан аняд оркхинь одак хойрин ноолдан узгдад, бултрж одсн нудн бийурм оордсн болад, хаакрад сердг болув.
e_style	Чи' бас нанла әдл күүнә зарц күнлмч.	Чи' бас нанла эдл кууне зарц кунлмч.
russian	Эднә кесгнь «Зарница» нааднд нүүрлгч орминь эзлсмн.	Эдня кесгнь «Зарница» нааднд нюурлгч орминь эзлсмн.
mixed	Иим сәәхн асрмҗта җирһл үзхвдн гиҗ мана аавнр, ээҗнр, өвкнр санҗ йовсн болхий?	Иим сяяхн асрмжта жирhл узхвдн гиж мана аавнр, ээжнр, овкнр санж йовсн болхий?
partial:kazakh_kb	Иим сәәхн асрмҗта җирһл үзхвдн гиҗ мана аавнр, ээҗнр, өвкнр санҗ йовсн болхий?	Иим сәәхн асрмжта жирһл үзхвдн гиж мана аавнр, ээжнр, өвкнр санж йовсн болхий?
soft_h	Шаңһаһар ордг кввүдит асхлад, эврәһәр ордгинь өрүнд дасхдг болв.	Шанhаhар ордг кввюдит асхлад, эвряhяр ордгинь орюнд дасхдг болв.
soft_g	XVII зун җилин дундур алднд хальмгуд Иҗл мөрн һолын хойр амнд Шартуһас авн Әәдрхн күртл болн Көк теңгсәс деед бийгшән бәәх эҗго көдә һазрт бәәршв.	XVII зун жилин дундур алднд хальмгуд Ижл мёрн голын хойр амнд Шартугас авн Эядрхн кюртл болн Кёк тенгсяс деед бийгшян бяях эжго кёдя газрт бяяршв.
bare	Дорҗ өвгн ирсн өдр, Көтчнр селәнә өмн бийднь зерглҗ урһсн өндр уласд дунд лагерин мана селгән хаалһна байрин асхн болв.	Дорж овгн ирсн одр, Котчнр селана омн бийднь зерглж ургсн ондр уласд дунд лагерин мана селган хаалгна байрин асхн болв.
bare_h	Түрүн болҗ Дөрвн өөрд әмтн XVI—XVII зун җилмүдин хоорндаһур орс меҗә һатлҗ орҗ ирсмн.	Турун болж Дорвн оорд амтн XVI—XVII зун жилмудин хоорндаhур орс межа hатлж орж ирсмн.
partial:no_schwa	Түрүн болҗ Дөрвн өөрд әмтн XVI—XVII зун җилмүдин хоорндаһур орс меҗә һатлҗ орҗ ирсмн.	Түрүн болҗ Дөрвн өөрд эмтн XVI—XVII зун җилмүдин хоорндаһур орс меҗя һатлҗ орҗ ирсмн.
e_style	йовҗ шин бүүр хәләнәв — гиһәд хурдн сайгарнь һарад йовад одв...	йовж шин буур хеленев — гиhед хурдн сайгарнь hарад йовад одв...
russian	Тер баһ көвүнд күртсн алтар нег сән мөр хулдҗ авч болхмн, цаһан мөңгәрнь — туһл, зес мөңгәрнь —хөөнә хурһ хулдҗ авч болхмн.	Тер баг кёвюнд кюртсн алтар нег сян мёр хулддж авч болхмн, цаган мёнггярнь — тугл, зес мёнггярнь —хёоня хург хулддж авч болхмн.
mixed	Әмтн ниилҗ буцлһн, ноолда яһҗ кехән меддго бәәсмн.	Эмтн ниилж буцлhн, ноолда яhж кехян меддго бяясмн.
soft_h	Тер метәр «мраморн» махн өсх.	Тер метяр «мраморн» махн осх.
partial:no_h	Тер метәр «мраморн» махн өсх.	Тер метәр «мраморн» махн өсх.
soft_g	Хаалһин амар урһсн цецгәс таслад, энд—тенд ичәнәсн һарад ишкрлдсң зурмд шивәд гүүһәд наадад йовна.	Хаалгин амар ургсн цецгяс таслад, энд—тенд ичянясн гарад ишкрлдсн зурмд шивяд гюугяд наадад йовна.
bare	Бийнь үксн болад, үксн щогцинь чирҗ авч одад кеер зуухд хайчксн болад, ноохас ирәд көл, һараснь чирхләнь цаһан буурл аавнь цогц деернь ирәд:	Бийнь уксн болад, уксн щогцинь чирж авч одад кеер зуухд хайчксн болад, ноохас ирад кол, гараснь чирхлань цаган буурл аавнь цогц деернь ирад:
bare_h	Чи көвүн школд орнав гиһәд өңгәр тенжәнәч.	Чи ковун школд орнав гиhад онгар тенжанач.
e_style	Би хойр пар цар, тавн саалин үкр, зун хө өгләв.	Би хойр пар цар, тавн саалин укр, зун хо оглев.
partial:mongol_kb	Би хойр пар цар, тавн саалин үкр, зун хө өгләв.	Би хойр пар цар, тавн саалин үкр, зун хө өгляв.
russian	Тегәд бидн дөрвн күн суунавидн.	Тегяд бидн дёрвн кюн суунавидн.
mixed	Не күн медш уга болхла келҗ өгнәв гиһәд Бата боорцг темәһән ергҗәһәд: Дөтә детә дөрвүлн тиснь-дөрвн көлнь.	Не кун медш уга болхла келдж огняв гигяд Бата боорцг темягян ергджягяд: Дотя детя дорвулн тиснь-дорвн колнь.
soft_h	Шора садрхаһарм орад хәнәчкн гивв—гиҗ Бата түнтг түлксн орн дорас биян саҗад һарч ирв.	Шора садрхаhарм орад хянячкн гивв—гиж Бата тюнтг тюлксн орн дорас биян сажад hарч ирв.
soft_g	Уга, үкв чигн дакҗ эднәд бәәш угав!	Уга, укв чигн дакж эдняд бяяш угав!
partial:kazakh_kb	Уга, үкв чигн дакҗ эднәд бәәш угав!	Уга, үкв чигн дакж эднәд бәәш угав!
bare	Терүгинь эс медсн нанд Дорҗ өвгиг иткүлдг арһ уга.	Теругинь эс медсн нанд Дорж овгиг иткулдг арг уга.
bare_h	Яһсн сәәхн толһав энчн, саак мини чамд келҗ өгдг туульсас сәәхн тууль болв.	Яhсн саахн толhав энчн, саак мини чамд келж огдг туульсас саахн тууль болв.
e_style	Залу күн нуһлуриг җажл уша бүкләр зальгдмн.	Залу кун нуhлуриг жажл уша буклер зальгдмн.
russian	Тер дәәнә холд Цецен-Цеден нег хальмг нойиг үкләснь татҗ авсмн.	Тер дяяня холд Цецен-Цеден нег хальмг нойиг укляснь татдж авсмн.
partial:no_schwa	Тер дәәнә холд Цецен-Цеден нег хальмг нойиг үкләснь татҗ авсмн.	Тер дяяня холд Цецен-Цеден нег хальмг нойиг үкляснь татҗ авсмн.
mixed	Иигәд бәәхлә байҗад бәл уга яах билә эдн.	Иигяд бяяхля байжад бял уга яах биля эдн.
soft_h	Эндр мана баһчуд клубдан цуһлрҗ чамаг идшүлгч нәр кехмн.	Эндр мана баhчуд клубдан цуhлрж чамаг идшюлгч няр кехмн.
soft_g	Өөрән йовсн цергчнртә Пүрвә блиндаж дотр гиҗгәснь орҗ ирәд, тедниг хадгин уурулв.	Оорян йовсн цергчнртя Пюрвя блиндаж дотр гижгяснь орж иряд, тедниг хадгин уурулв.
bare	Детән көвүн хоюрн гиснь — хойр бекнь.	Детан ковун хоюрн гиснь — хойр бекнь.
partial:no_h	Детән көвүн хоюрн гиснь — хойр бекнь.	Детән көвүн хоюрн гиснь — хойр бекнь.
bare_h	Өрүн, асхн орад һарх хоорнд ондин Батаһар соньмсҗ күндцхана.	Орун, асхн орад hарх хоорнд ондин Батаhар соньмсж кундцхана.
e_style	Эн булгин уста һазр нүүдг хальмгудт икәр таасгдсмн.	Эн булгин уста hазр нуудг хальмгудт икер таасгдсмн.
russian	Ханҗанав, нег шаальг чигн авхшив.	Ханджанав, нег шаальг чигн авхшив.
mixed	Арвн дөрвн көвүн өсәд, гер авад, арвн дөрвн ишкә гер хун шовуна хотнд бәрв.	Арвн дёрвн кёвун осед, гер авад, арвн дёрвн ишке гер хун шовуна хотнд берв.
partial:mongol_kb	Арвн дөрвн көвүн өсәд, гер авад, арвн дөрвн ишкә гер хун шовуна хотнд бәрв.	Арвн дөрвн көвүн өсяд, гер авад, арвн дөрвн ишкя гер хун шовуна хотнд бярв.
soft_h	Зуг эн һучн хонгин туршарт бидн урднь үзәд, медәд болн соңсад угаһан медүвидн...	Зуг эн hучн хонгин туршарт бидн урднь узяд, медяд болн сонсад угаhан медювидн...
soft_g	Гражданск дән чиләд Алдр Төрскнә дәң эклтл хөрн җил болсмн.	Гражданск дян чиляд Алдр Тёрскня дян эклтл хёрн жил болсмн.
bare	Зуг ямаран чигн күн, эврәннь һарһсн гемән медҗ бийән гемшәх зөвтә.	Зуг ямаран чигн кун, эвраннь гаргсн геман медж бийан гемшах зовта.
bare_h	Номин сүүр — цаасн болдг учрнь бас ил.	Номин суур — цаасн болдг учрнь бас ил.
partial:kazakh_kb	Номин сүүр — цаасн болдг учрнь бас ил.	Номин сүүр — цаасн болдг учрнь бас ил.
e_style	Хальмгин билгтә гисн шүлгчин шин үүдәвр эртәр соңсхар шиидләв.	Хальмгин билгте гисн шулгчин шин уудевр эртер сонсхар шиидлев.
russian	Ода мана Элст балһсна барин Герин эрст мемориальн доск өлгәтә бәәнә.	Ода мана Элст балгсна барин Герин эрст мемориальн доск олгятя бяяня.
mixed	Би эндрәс авн эврәннь һарарн болн көлсәрн шиңгәсн олзас биш оңдан ю чигн көндәшгов.	Би эндряс авн эвряннь hарарн болн колсярн шингясн олзас биш ондан ю чигн кондяшгов.
soft_h	Эн хурһн бас тиигәд оңдан хөөнә чиигтә орм деер кевтчкәд ирхләнь, экнь таньлго бийдән өөрдхлго бәәнә.	Эн хурhн бас тиигяд ондан хёоня чиигтя орм деер кевтчкяд ирхлянь, экнь таньлго бийдян оордхлго бяяня.
partial:no_schwa	Эн хурһн бас тиигәд оңдан хөөнә чиигтә орм деер кевтчкәд ирхләнь, экнь таньлго бийдән өөрдхлго бәәнә.	Эн хурһн бас тиигяд оңдан хөөня чиигтя орм деер кевтчкяд ирхлянь, экнь таньлго бийдян өөрдхлго бяяня.
soft_g	Бичгдүдинь аюрулин герт өгвдн.экнь колхозин саалч болв.	Бичгдюдинь аюрулин герт огвдн.экнь колхозин саалч болв.
bare	Домбрин җиңнсн дун, цегән сәәхн залу күүнә дун, буурлда шарлҗн деегүр доңһдҗ, буурл теегиг байрлулв.	Домбрин жиннсн дун, цеган саахн залу кууна дун, буурлда шарлжн деегур донгдж, буурл теегиг байрлулв.
bare_h	Тиигә бәәтл Арвс зөвәр төвлҗәһәд, саадган тәвәд оркв.	Тиига баатл Арвс зовар товлжаhад, саадган тавад оркв.
e_style	Мана колхоз тохмта мөрд өскх даалһвр авла.	Мана колхоз тохмта морд оскх даалhвр авла.
partial:no_h	Мана колхоз тохмта мөрд өскх даалһвр авла.	Мана колхоз тохмта мөрд өскх даалhвр авла.
russian	Ю әәҗәнәв ики бичкнднь мини келҗ өгсн туульс ода бийнь мартхш.	Ю эяджяняв ики бичкнднь мини келдж огсн туульс ода бийнь мартхш.
mixed	Хальмгуд оңдан чигн Улан Цергин зергләнд йовсмн.	Хальмгуд ондан чигн Улан Цергин зергланд йовсмн.
soft_h	Арат соята болхла, наадк бәәсн Угань әдл юмн.	Арат соята болхла, наадк бяясн Угань эдл юмн.
soft_g	Бас тер артистк, зуг оңдан айс дуулв.	Бас тер артистк, зуг ондан айс дуулв.
partial:mongol_kb	Бас тер артистк, зуг оңдан айс дуулв.	Бас тер артистк, зуг ондан айс дуулв.
bare	Тер хальмгар мууһар келдгтән әмтнәс ичәд, бултад үкәд йовдмн- Бийнь йир нөөрмү болдмн.	Тер хальмгар муугар келдгтан амтнас ичад, бултад укад йовдмн- Бийнь йир ноорму болдмн.
bare_h	Бата эзн орсиннь герт кесг зүсн дегтрмүд үзхдән эврәннь гертән мартсн дегтрмүдән санла:	Бата эзн орсиннь герт кесг зусн дегтрмуд узхдан эвраннь гертан мартсн дегтрмудан санла:
e_style	Нег-негнәсн эрт күрхәр, тедн адһҗ көкрҗәх цегән уснур гүүлдв.	Нег-негнесн эрт курхер, тедн адhж кокржех цеген уснур гуулдв.
russian	Намий, би эдничн нанар наад бәрҗәнә гиһәд уурлад бәәнәв.	Намий, би эдничн нанар наад бярджяня гигяд уурлад бяяняв.
partial:kazakh_kb	Намий, би эдничн нанар наад бәрҗәнә гиһәд уурлад бәәнәв.	Намий, би эдничн нанар наад бәржәнә гиһәд уурлад бәәнәв.
mixed	Эн хөөч нанас хустг сурхар бәәнә билтәл гиҗ санад тергн деер йовсн күн мөрдиннь җола татад, өрвҗ ирәд эогсв.	Эн хооч нанас хустг сурхар беене билтел гидж санад тергн деер йовсн кун мординнь джола татад, орвдж иред эогсв.
soft_h	Тер дууһинь гражданск дәәнә туршарт хальмг цергчнр дуулдг бәәсмн.	Тер дууhинь гражданск дяяня туршарт хальмг цергчнр дуулдг бяясмн.
soft_g	Эднәс алькнь экнь, алькнь уңһинь эс медхләтн, бидн дәәһәр дәврнәвдн — гиҗ бичҗ.	Эдняс алькнь экнь, алькнь унгинь эс медхлятн, бидн дяягяр дяврнявдн — гиж бичж.
bare	1940 җил мана теегт әмтин түрүн чолун хаалһ кегдлә.	1940 жил мана теегт амтин турун чолун хаалг кегдла.
partial:no_schwa	1940 җил мана теегт әмтин түрүн чолун хаалһ кегдлә.	1940 җил мана теегт эмтин түрүн чолун хаалһ кегдля.
bare_h	Урднь болхла, мана хотл балһсн Октябрьск байрин өдрмүдлә болн Майин сән өдрмүдлә иигҗ кеердг билә.	Урднь болхла, мана хотл балhсн Октябрьск байрин одрмудла болн Майин сан одрмудла иигж кеердг била.
e_style	Барун бийәрнь һарч ирсн һурвн бронемашиг тиигҗ зогсадг арһ уга, ПТР-ән сум зүүх кергтә.	Барун бийернь hарч ирсн hурвн бронемашиг тиигж зогсадг арh уга, Птр-эн сум зуух кергте.
russian	Терүнәс нааран тәв һар җилин туршарт хальмг грамматик республикиншколмудын, училищмүдин болн университетин программднь орна.	Терюняс нааран тяв гар джилин туршарт хальмг грамматик республикиншколмудын, училищмюдин болн университетин программднь орна.
mixed	Хойрдад худрһ, дакн худрһ — гиһәд цал буурл сахлта цаһан евгп эркорн белг бәрҗ кевтҗ.	Хойрдад худрх, дакн худрх — гихад цал буурл сахлта цахан евгп эркорн белг барж кевтж.
partial:no_h	Хойрдад худрһ, дакн худрһ — гиһәд цал буурл сахлта цаһан евгп эркорн белг бәрҗ кевтҗ.	Хойрдад худрh, дакн худрh — гиhәд цал буурл сахлта цаhан евгп эркорн белг бәрҗ кевтҗ.
soft_h	Бата биярн наад бәрәд инәлдҗәхинь медә бәәнә.	Бата биярн наад бяряд инялджяхинь медя бяяня.
soft_g	Не, Бата, сенр юн бәәнә?— гиҗ сурв.	Не, Бата, сенр юн бяяня?— гиж сурв.
bare	Һазр бурһуддг вышкиг би кесг дәкҗ һәәхләв.	Газр бургуддг вышкиг би кесг дакж гаахлав.
bare_h	«Экиннь геснәс һарад суудг болад, мелкдг дасад тавглҗ ишкәд йовдг дассн һазртан одал кесгтән хәрү одш уга болув.	«Экиннь геснас hарад суудг болад, мелкдг дасад тавглж ишкад йовдг дассн hазртан одал кесгтан хару одш уга болув.
partial:mongol_kb	«Экиннь геснәс һарад суудг болад, мелкдг дасад тавглҗ ишкәд йовдг дассн һазртан одал кесгтән хәрү одш уга болув.	«Экиннь гесняс hарад суудг болад, мелкдг дасад тавглж ишкяд йовдг дассн hазртан одал кесгтян хярү одш уга болув.
e_style	Мана хотнд буута күн бәәсинь би медхшив.	Мана хотнд буута кун беесинь би медхшив.
russian	Гермүдәс һарсн көк утан һазр дахҗ унад өвснә бүчр эаагур орҗ геедрнә.	Гермюдяс гарсн кёк утан газр дахдж унад овсня бючр эаагур ордж геедрня.
mixed	Дәкәд авад тоолчкад санув: эн зөөр һанцхн нанд биш, үрн-садндм күрхмн!	Дякяд авад тоолчкад санув: эн зоор ханцхн нанд биш, урн-садндм кюрхмн!
soft_h	Ода энүгәр герин буг кеһәд ю кехв.	Ода энюгяр герин буг кеhяд ю кехв.
partial:kazakh_kb	Ода энүгәр герин буг кеһәд ю кехв.	Ода энүгәр герин буг кеһәд ю кехв.
soft_g	Кеер йовсн цагтан эн хойр оньдин сурһулин тускар күүндәд цасн деер бичәд йовдг бәәсмн.	Кеер йовсн цагтан эн хойр оньдин сургулин тускар кюундяд цасн деер бичяд йовдг бяясмн.
bare	Тер учрас көлтә Дөрвн өөрд орс орн-нутгин меҗә тал һарч ирсмн.	Тер учрас колта Дорвн оорд орс орн-нутгин межа тал гарч ирсмн.
bare_h	Болв фашистнрин харслтын тосхлт күртл хол биш билә.	Болв фашистнрин харслтын тосхлт куртл хол биш била.
e_style	Тедн йоснд үзгдш уган кергт энд, ар эртәд бүтлдәд йовцхана.	Тедн йоснд узгдш уган кергт энд, ар эртед бутлдед йовцхана.
partial:no_schwa	Тедн йоснд үзгдш уган кергт энд, ар эртәд бүтлдәд йовцхана.	Тедн йоснд үзгдш уган кергт энд, ар эртяд бүтлдяд йовцхана.
russian	«Манд теңгр кии!г заяв, тадниг теңгр шоодж, тадн мадыд эаргдҗ келсән эдлх улст» гидг билә.	«Манд тенггр кии!г заяв, тадниг тенггр шоодж, тадн мадыд эаргддж келсян эдлх улст» гидг биля.
mixed	Ардк хойр көлнь хуһрҗ оч.	Ардк хойр колнь хухрдж оч.
soft_h	Хальмг гисн үг орс келнд орчулхла — салсн, тасрсн, әңгрсн болҗ һарна.	Хальмг гисн уг орс келнд орчулхла — салсн, тасрсн, энгрсн болж hарна.
soft_g	Би урднь бичкн хурһд уһаҗасинь үзәд уга биләв.	Би урднь бичкн хургд угажасинь узяд уга биляв.
partial:no_h	Би урднь бичкн хурһд уһаҗасинь үзәд уга биләв.	Би урднь бичкн хурhд уhаҗасинь үзәд уга биләв.
bare	Тер хаалһ тосхлһнд, һартан күрз бәрҗ чадх арһта хамгнь цуг орлцсмн.	Тер хаалг тосхлгнд, гартан курз барж чадх аргта хамгнь цуг орлцсмн.
bare_h	Пүрвә Миус-фронтд авсн күнд шавта билә.	Пурва Миус-фронтд авсн кунд шавта била.
e_style	Наатк баячудин икңкнь туугдад йовҗ одв- Зәрмнь заядар җиирәд ширгҗ йовна.	Наатк баячудин икнкнь туугдад йовж одв- Зермнь заядар жииред ширгж йовна.
russian	Гөрәсн хальмгин туульд «Җаңһрин» цагас авн бәәсмн:	Гёрясн хальмгин туульд «Джанггрин» цагас авн бяясмн:
partial:mongol_kb	Гөрәсн хальмгин туульд «Җаңһрин» цагас авн бәәсмн:	Гөрясн хальмгин туульд «Жанhрин» цагас авн бяясмн:
mixed	Эс гиҗ теднд орҗ өгх, эс гиҗ дәәлдх.	Эс гидж теднд ордж огх, эс гидж дяялдх.
soft_h	Гем уга манҗ болыш угаһар седдг «Мо-ло-дец»— гигәд оркв.	Гем уга манж болыш угаhар седдг «Мо-ло-дец»— гигяд оркв.
soft_g	Тер цагин пластинкс өдгә цагин пластинксәр болхла хойр холван хурдар эргдг билә.	Тер цагин пластинкс одгя цагин пластинксяр болхла хойр холван хурдар эргдг биля.
bare	Зөвәртән ноолда бәәҗ тер көлән татҗ авчкад, үкрч хәрү һархар седв.	Зовартан ноолда бааж тер колан татж авчкад, укрч хару гархар седв.
partial:kazakh_kb	Зөвәртән ноолда бәәҗ тер көлән татҗ авчкад, үкрч хәрү һархар седв.	Зөвәртән ноолда бәәж тер көлән татж авчкад, үкрч хәрү һархар седв.
bare_h	Сүл дөрвн хонгт фашистнр арвн хойр дәкҗ эн тустан дәврлһ кесмн.	Сул дорвн хонгт фашистнр арвн хойр дакж эн тустан даврлh кесмн.
e_style	Энтл хан саак кевтән цуг алвтиннь цецн ухата улс цуһлулна.	Энтл хан саак кевтен цуг алвтиннь цецн ухата улс цуhлулна.
russian	Бийнь колхозд бичкдлә — гиҗ сельсоветин ахалч Алтниг олнд таньлдулад, келтн, келтн! гив.	Бийнь колхозд бичкдля — гидж сельсоветин ахалч Алтниг олнд таньлдулад, келтн, келтн! гив.
mixed	Хәәрн хурл, хәәрн сүм, өргәс, тер дала болсн бурхд, шүтәд яахмн болхв?	Хеерн хурл, хеерн сюм, оргес, тер дала болсн бурхд, шютед яахмн болхв?
partial:no_schwa	Хәәрн хурл, хәәрн сүм, өргәс, тер дала болсн бурхд, шүтәд яахмн болхв?	Хяярн хурл, хяярн сүм, өргяс, тер дала болсн бурхд, шүтяд яахмн болхв?
soft_h	Әвр моньдас күн болх бәәдлтә.	Эвр моньдас кюн болх бяядлтя.
soft_g	Эн һаха, моһа, така һурвн энүнд юн болҗахмб? гиҗ сурв.	Эн гаха, мога, така гурвн энюнд юн болжахмб? гиж сурв.
bare	Нег өрүн үкрч көвүн эрт босад хәләхлә, цаһан темәнә тавгин мөр арзаһад үзгдәд бәәв.	Нег орун укрч ковун эрт босад халахла, цаган темана тавгин мор арзагад узгдад баав.
bare_h	-Китдин меҗәһәс цаһан хаана хәәрнд күртхәр нүүҗ ирсмн.	-Китдин межаhас цаhан хаана хаарнд куртхар нууж ирсмн.
partial:no_h	-Китдин меҗәһәс цаһан хаана хәәрнд күртхәр нүүҗ ирсмн.	-Китдин меҗәhәс цаhан хаана хәәрнд күртхәр нүүҗ ирсмн.
e_style	Эн чини «баранчук» бортхта чигә дааҗ чадшго.	Эн чини «баранчук» бортхта чиге дааж чадшго.
russian	Тер мана келн-әмтнә ик зөөр.	Тер мана келн-эмтня ик зёор.
mixed	Оонын өвр сәәнәр шинҗлхлә, мел бичкн-бичкн билцг негдүләд кеҗ гиһәд келҗ болхмн.	Оонын овр саанар шинджлхла, мел бичкн-бичкн билцг негдулад кедж гиhад келдж болхмн.
soft_h	Терүнә сүмснь долан давхр һазр дор орв, цогцинь Манц баатр утлад, цандг болһнд тараҗ хайв.	Терюня сюмснь долан давхр hазр дор орв, цогцинь Манц баатр утлад, цандг болhнд тараж хайв.
partial:mongol_kb	Терүнә сүмснь долан давхр һазр дор орв, цогцинь Манц баатр утлад, цандг болһнд тараҗ хайв.	Терүня сүмснь долан давхр hазр дор орв, цогцинь Манц баатр утлад, цандг болhнд тараж хайв.
soft_g	Эндрәк хальмг өдгә цагин көлгн мотоциклиг бас тиигҗ сурһад эдлҗ чадна.	Эндряк хальмг одгя цагин кёлгн мотоциклиг бас тиигж сургад эдлж чадна.
bare	Эн хургт күүндгдх төр-хурл хаахин туск негл тер.	Эн хургт куундгдх тор-хурл хаахин туск негл тер.
bare_h	Түүнә хөөн тормозинь тәвәд, пластинкинь эргүлнә.	Тууна хоон тормозинь тавад, пластинкинь эргулна.
e_style	Зуг ниднә нег цаһан темәтә өвгн мел усн деегүр оңһцар йовснла әдл негчнь булхҗ орлго, эн бальчг һатлҗ одла.	Зуг нидне нег цаhан темете овгн мел усн деегур онhцар йовснла эдл негчнь булхж орлго, эн бальчг hатлж одла.
partial:kazakh_kb	Зуг ниднә нег цаһан темәтә өвгн мел усн деегүр оңһцар йовснла әдл негчнь булхҗ орлго, эн бальчг һатлҗ одла.	Зуг ниднә нег цаһан темәтә өвгн мел усн деегүр оңһцар йовснла әдл негчнь булхж орлго, эн бальчг һатлж одла.
russian	Зарһчан мартвта? — гиҗ негнь селвг өгв.	Заргчан мартвта? — гидж негнь селвг огв.
mixed	Болха, наадкан хәләлч, чамд тәмк нерҗ өгчәнә, ав, гиҗ Муута инәҗ келв.	Болха, наадкан халалч, чамд тамк нерж огчана, ав, гиж Муута инаж келв.
soft_h	Бө ирхш, боодһаһинь күн сольхш.	Бё ирхш, боодhаhинь кюн сольхш.
soft_g	Гер дотркиг будцһрулад, хамг ааһ, шанһ хәәсиг шораһар бүрәд, арсн-көрсн, хәәснә бүркәс хәргүләд, салврха хар гериг шигҗңнүләд, барун талагшанднь далжилһәд, давад дуһрад йовад одв.	Гер дотркиг будцгрулад, хамг ааг, шанг хяясиг шорагар бюряд, арсн-кёрсн, хяясня бюркяс хяргюляд, салврха хар гериг шигжннюляд, барун талагшанднь далжилгяд, давад дуград йовад одв.
partial:no_schwa	Гер дотркиг будцһрулад, хамг ааһ, шанһ хәәсиг шораһар бүрәд, арсн-көрсн, хәәснә бүркәс хәргүләд, салврха хар гериг шигҗңнүләд, барун талагшанднь далжилһәд, давад дуһрад йовад одв.	Гер дотркиг будцһрулад, хамг ааһ, шанһ хяясиг шораһар бүряд, арсн-көрсн, хяясня бүркяс хяргүляд, салврха хар гериг шигҗңнүляд, барун талагшанднь далжилһяд, давад дуһрад йовад одв.
bare	Партизанмуд кесг дәврлһ Элст—Яшкуль хаалһд кев.	Партизанмуд кесг даврлг Элст—Яшкуль хаалгд кев.
bare_h	Дәәчнр болн командирмүд негнь негндән терүнә һарһсн дәәч йовдлыг бахтҗ келцхәнә.	Даачнр болн командирмуд негнь негндан теруна hарhсн даач йовдлыг бахтж келцхана.
e_style	Хүврн гиҗ хүврсн угав, хөв-кишгин ирлцәр хүврләв.	Хуврн гиж хуврсн угав, хов-кишгин ирлцер хуврлев.
russian	Долан күүкнә хөөн һарсн дөнтә, ор һанцхн көвүн билә.	Долан кюукня хёон гарсн дёнтя, ор ганцхн кёвюн биля.
partial:no_h	Долан күүкнә хөөн һарсн дөнтә, ор һанцхн көвүн билә.	Долан күүкнә хөөн hарсн дөнтә, ор hанцхн көвүн билә.
mixed	Кедү унтснь кен медхв, зуг даарад серсн көвүн нүдән секнә— хаҗудан нег кү үзнә.	Кедю унтснь кен медхв, зуг даарад серсн ковюн нюден секне— хажудан нег кю узне.
soft_h	Манд тер Боктаг үлмәдән орулҗ авсн улс кергтә гиҗ һарт ячейкин сеглтар үтән цааранднь сууңһв.	Манд тер Боктаг улмядян орулж авсн улс кергтя гиж hарт ячейкин сеглтар утян цааранднь суунhв.
soft_g	Не,'«донам», эс гиҗ «күн—мус» гидгнь энҗ гих ухан орад одв.	Не,'«донам», эс гиж «кюн—мус» гидгнь энж гих ухан орад одв.
bare	«Хальмгин зог-наадн дунд аңһучлһ бас тоолх кергтә.	«Хальмгин зог-наадн дунд ангучлг бас тоолх кергта.
partial:mongol_kb	«Хальмгин зог-наадн дунд аңһучлһ бас тоолх кергтә.	«Хальмгин зог-наадн дунд анhучлh бас тоолх кергтя.
bare_h	«Бичг бичнч?» гисн үг Батад соңпсдсн болад одч.	«Бичг бичнч?» гисн уг Батад сонпсдсн болад одч.
e_style	Ацһан дурахла иигҗ келл уга бәәш уга.	Ацhан дурахла иигж келл уга бееш уга.
russian	Нам бидн биш, бүдүн улсин бийнь бууһар тедниг хаҗасинь би тиигхд үзсн угав.	Нам бидн биш, бюдюн улсин бийнь буугар тедниг хаджасинь би тиигхд узсн угав.
mixed	Даалһврин түрүн әңгнь күцв, болв ода терүнәс даву җаңһрта төрнь, бәрҗ авсн «келән» әмдәр эврәннь полкд авч ирх.	Даалгврин тюрюн энгнь кюцв, болв ода терюняс даву джангрта торнь, бярдж авсн «келян» эмдяр эвряннь полкд авч ирх.
partial:kazakh_kb	Даалһврин түрүн әңгнь күцв, болв ода терүнәс даву җаңһрта төрнь, бәрҗ авсн «келән» әмдәр эврәннь полкд авч ирх.	Даалһврин түрүн әңгнь күцв, болв ода терүнәс даву жаңһрта төрнь, бәрж авсн «келән» әмдәр эврәннь полкд авч ирх.
soft_h	Тиигҗ мууһар бичә келтн, эзн! — гиҗ эцк көвүһән харсв.	Тиигж мууhар бичя келтн, эзн! — гиж эцк кёвюhян харсв.
soft_g	Мел кезәмр хагсад бәәцхана гиһәд өвгн Цаһанд келчкәд өрүн Цаһана ташцгсн таишур харшулхар йовҗ одв.	Мел кезямр хагсад бяяцхана гигяд овгн Цаганд келчкяд орюн Цагана ташцгсн таишур харшулхар йовж одв.
bare	Эндр «Җаңһр» болн хальмг туульс эврә болн орс келәр күн болһн умшҗ чадхмн.	Эндр «Жангр» болн хальмг туульс эвра болн орс келар кун болгн умшж чадхмн.
bare_h	Тертн медхд юмн уга гинә.	Тертн медхд юмн уга гина.
partial:no_schwa	Тертн медхд юмн уга гинә.	Тертн медхд юмн уга гиня.
e_style	Тер биш түрүн болҗ мана республикин деед бийд бәәх түрүн әңгинь авад хәләй.	Тер биш турун болж мана республикин деед бийд беех турун энгинь авад хелей.
russian	Арвн тавн баатр көвү Цаһада таңсг адучдан һарһҗ өгв.	Арвн тавн баатр кёвю Цагада тангсг адучдан гаргдж огв.
mixed	Терүнә зөрмг йовдл гвардейцнриг улм икәр омгшав, нам шав авсн, бу бәрҗ чадх арһта болсн хөөн чигн орман хайҗ һарсн уга.	Теруне зёрмг йовдл гвардейцнриг улм икер омгшав, нам шав авсн, бу бердж чадх арhта болсн хёон чигн орман хайдж hарсн уга.
soft_h	Хот, усн чиләд, арһ уга болхларн, эцкиннь заквр эвдәд деегшән һарч ирүвидн.	Хот, усн чиляд, арh уга болхларн, эцкиннь заквр эвдяд деегшян hарч ирювидн.
partial:no_h	Хот, усн чиләд, арһ уга болхларн, эцкиннь заквр эвдәд деегшән һарч ирүвидн.	Хот, усн чиләд, арh уга болхларн, эцкиннь заквр эвдәд деегшән hарч ирүвидн.
soft_g	Зуг кениг, ямаран гем йһҗ һарһсинь хәләх кергтә.	Зуг кениг, ямаран гем йгж гаргсинь хялях кергтя.
bare	Яһсн чолун зүрктә күн болхв тер?	Ягсн чолун зуркта кун болхв тер?
bare_h	Дәкәд эврәннь дамшлт тодлхинь, шин бичҗ чиләсн үүдәврән кенд болвчн умшҗ, кирцәһинь хәләх дурн бичәч болһнд бәәдг.	Дакад эвраннь дамшлт тодлхинь, шин бичж чиласн уудавран кенд болвчн умшж, кирцаhинь халах дурн бичач болhнд баадг.
e_style	Алтн шар уурган Амлулад өгсн ээҗм Сегрхә хар гертәһән Седклинм киләсн болна.	Алтн шар уурган Амлулад огсн ээжм Сегрхе хар гертеhен Седклинм килесн болна.
partial:mongol_kb	Алтн шар уурган Амлулад өгсн ээҗм Сегрхә хар гертәһән Седклинм киләсн болна.	Алтн шар уурган Амлулад өгсн ээжм Сегрхя хар гертяhян Седклинм килясн болна.
russian	Хурц-хурдн цецн келн манд бас кергтә...	Хурц-хурдн цецн келн манд бас кергтя...
mixed	Болв ода өвгнд терүг цәәлһҗ келдг цагнь чигн биш, һазрнь чигн биш.	Болв ода овгнд терюг цяялhж келдг цагнь чигн биш, hазрнь чигн биш.
soft_h	Чи намаг мвклхәр бәнч? гиһәд Бата күүкнә һаринь чаңһур атхад мендлв.	Чи намаг мвклхяр бянч? гиhяд Бата кюукня hаринь чанhур атхад мендлв.
soft_g	Шаҗнд шүтдг күн болһна герт бас тиим бурхд бәәдг бәәсмн.	Шажнд шютдг кюн болгна герт бас тиим бурхд бяядг бяясмн.
partial:kazakh_kb	Шаҗнд шүтдг күн болһна герт бас тиим бурхд бәәдг бәәсмн.	Шажнд шүтдг күн болһна герт бас тиим бурхд бәәдг бәәсмн.
bare	«Ода яһдг болхм би!» — гиҗ санад үкрч эргәд хәрү көвә талнь хәләхлә, нег күн үзгдв.	«Ода ягдг болхм би!» — гиж санад укрч эргад хару кова талнь халахла, нег кун узгдв.
bare_h	Намаг ирхд түрүн болҗ үг келсн көвүн һаран өргв.	Намаг ирхд турун болж уг келсн ковун hаран оргв.
e_style	Генткн чини геесн алтн һацан болхларн нанла харһна.	Генткн чини геесн алтн hацан болхларн нанла харhна.
russian	Тернь манд бас нег сән зөөр болв.	Тернь манд бас нег сян зёор болв.
partial:no_schwa	Тернь манд бас нег сән зөөр болв.	Тернь манд бас нег сян зөөр болв.
mixed	Хурл уга яһҗ бәәхмн болхв?	Хурл уга яhж баахмн болхв?
soft_h	Мини эцк эврәннь түшмлмүдтәһән дөрвн алд һазр малтад, терүнд эн алтан болн үнтә хувц-хунран дүрәд, намаг эгчтәһим бас тер нүкн дотр хотта-хоолтаһинь үлдәһәд, деерәснь дарчкв.	Мини эцк эвряннь тюшмлмюдтяhян дёрвн алд hазр малтад, терюнд эн алтан болн унтя хувц-хунран дюряд, намаг эгчтяhим бас тер нюкн дотр хотта-хоолтаhинь улдяhяд, дееряснь дарчкв.
soft_g	«Манад бәнч? гих болһмднь Бата «бәәнәв» гиһәд хәрү өгәд бәәв».	«Манад бянч? гих болгмднь Бата «бяяняв» гигяд хярю огяд бяяв».
bare	Урднь үкрчин үзсн улсар болхла, эн күүнә хувцнь сән, бийнь цевр, эвтә-довта күн.	Урднь укрчин узсн улсар болхла, эн кууна хувцнь сан, бийнь цевр, эвта-довта кун.
partial:no_h	Урднь үкрчин үзсн улсар болхла, эн күүнә хувцнь сән, бийнь цевр, эвтә-довта күн.	Урднь үкрчин үзсн улсар болхла, эн күүнә хувцнь сән, бийнь цевр, эвтә-довта күн.
bare_h	Төмр хаалһар йовсн фашистск эшелонмудыг деернь йовсн немшин салдстаг, зер-зевтәһинь эн хамхлна бас.	Томр хаалhар йовсн фашистск эшелонмудыг деернь йовсн немшин салдстаг, зер-зевтаhинь эн хамхлна бас.
e_style	Тенд ирхлә, оңдан полкин цергчнр бас теднә өмн ирсн бәәҗ.	Тенд ирхле, ондан полкин цергчнр бас тедне омн ирсн бееж.
russian	Ухам хүврәд, хойр әңгрәд бәәв.	Ухам хювряд, хойр энггряд бяяв.
mixed	Тегәд, дөчн дуунад бәәдг Баһ Дөрвд нутгин ставкур мөртә элч йовулх болҗ шиидвр һарһсмн.	Тегад, дёчн дуунад баадг Баг Дёрвд нутгин ставкур мёрта элч йовулх болж шиидвр гаргсмн.
partial:mongol_kb	Тегәд, дөчн дуунад бәәдг Баһ Дөрвд нутгин ставкур мөртә элч йовулх болҗ шиидвр һарһсмн.	Тегяд, дөчн дуунад бяядг Баh Дөрвд нутгин ставкур мөртя элч йовулх болж шиидвр hарhсмн.
soft_h	Эн хар модн һанз эзән олв.	Эн хар модн hанз эзян олв.
soft_g	Үннәртнь келхд, «Бамб цецг» ансамбльд тер хальмг би басл берк сәәнәр үзүлгднә.	Унняртнь келхд, «Бамб цецг» ансамбльд тер хальмг би басл берк сяяняр узюлгдня.
bare	Ичр хату, әәҗ болын уга.	Ичр хату, ааж болын уга.
bare_h	Мана бәәшң эргндкд болн цаарандк теегтнь үксн улсин зулдн дүүрң.	Мана баашн эргндкд болн цаарандк теегтнь уксн улсин зулдн дуурн.
partial:kazakh_kb	Мана бәәшң эргндкд болн цаарандк теегтнь үксн улсин зулдн дүүрң.	Мана бәәшң эргндкд болн цаарандк теегтнь үксн улсин зулдн дүүрң.
e_style	Чи энүнә эцкньч, тегәд чамд баатр болҗ медгдҗәнә.	Чи энуне эцкньч, тегед чамд баатр болж медгджене.
russian	Хальмг күүкд аца зөөдг кермст церглсмн.	Хальмг кюукд аца зёодг кермст церглсмн.
mixed	Булңд кевтсн күн көндрәд, босҗ суусинь көвүн үзв.	Булнгд кевтсн кун кёндряд, босж суусинь кёвун узв.
soft_h	Ода бийнь, ик сахлмуд боллдад, дүңгәләдә суцхана.	Ода бийнь, ик сахлмуд боллдад, дюнгялядя суцхана.
partial:no_schwa	Ода бийнь, ик сахлмуд боллдад, дүңгәләдә суцхана.	Ода бийнь, ик сахлмуд боллдад, дүңгялядя суцхана.
soft_g	Хальмг тохмта бод малын ик зунь совхозмудар бәәнә.	Хальмг тохмта бод малын ик зунь совхозмудар бяяня.
bare	Тиигәд ууля бәәтл хар керәс нисҗ ирәд мана өөр «кр-кр-кр!» гиһәд бәәв.	Тиигад ууля баатл хар керас нисж ирад мана оор «кр-кр-кр!» гигад баав.
bare_h	Би хотндан цуһараһаснь чидлтә төләд, көвүд нанла хальддмн биш.	Би хотндан цуhараhаснь чидлта толад, ковуд нанла хальддмн биш.
e_style	Хурһн арвн хөөнә кевтрт кевтәд, нам әрә дунь соңсгдх һазрт бәәсн бийнь дууһарнь эврәннь хурһан таньлго бәәхш.	Хурhн арвн хооне кевтрт кевтед, нам эре дунь сонсгдх hазрт беесн бийнь дууhарнь эвреннь хурhан таньлго беехш.
partial:no_h	Хурһн арвн хөөнә кевтрт кевтәд, нам әрә дунь соңсгдх һазрт бәәсн бийнь дууһарнь эврәннь хурһан таньлго бәәхш.	Хурhн арвн хөөнә кевтрт кевтәд, нам әрә дунь соңсгдх hазрт бәәсн бийнь дууhарнь эврәннь хурhан таньлго бәәхш.
russian	Дәврсн цергин өмн йовдг, цухрсн цергин арднь йовдг!	Дяврсн цергин омн йовдг, цухрсн цергин арднь йовдг!
mixed	Эуг ода деерән орм уга, болад дав—деер эврә(һәрн орҗана.	Эуг ода деерян орм уга, болад дав—деер эвря(hярн оржана.
soft_h	Аав, юңгад иигтлән зовад бәәнәт! тенүгитн медхәс амр юмн угала — гиҗ бер келнә.	Аав, юнгад иигтлян зовад бяянят! тенюгитн медхяс амр юмн угала — гиж бер келня.
soft_g	Бадм тесҗ сууҗ чадсн уга:	Бадм тесж сууж чадсн уга:
partial:mongol_kb	Бадм тесҗ сууҗ чадсн уга:	Бадм тесж сууж чадсн уга:
bare	Мел амрар алшго, зоваҗаһад алхмн.	Мел амрар алшго, зоважагад алхмн.
bare_h	Бәәһә бәәҗ эврәннь кесн тоот, хар саната йовдлан ухалад оркхинь сөөднь нөөрм күрдгән уурад, чееҗм-хавчгдад, зүркм менрдг болв.	Бааhа бааж эвраннь кесн тоот, хар саната йовдлан ухалад оркхинь сооднь ноорм курдган уурад, чеежм-хавчгдад, зуркм менрдг болв.
e_style	Аавин нәрхн хар. гидг күмб—гиһәд хая-хая мернән җола татад зогсхларн Богзг ардан эргҗ Батад келнә.	Аавин нерхн хар. гидг кумб—гиhед хая-хая мернен жола татад зогсхларн Богзг ардан эргж Батад келне.
russian	Харулд бәәх цергчлә наач болшго.	Харулд бяях цергчля наач болшго.
partial:kazakh_kb	Харулд бәәх цергчлә наач болшго.	Харулд бәәх цергчлә наач болшго.
mixed	Альдас хаҗахинь фашистнр олҗ авад уга бәәтлнь, тер тавдгч сумарн хаһад хойрдгч бронемашиһинь шатачкв.	Альдас хаджахинь фашистнр олдж авад уга баатлнь, тер тавдгч сумарн хаhад хойрдгч бронемашиhинь шатачкв.
soft_h	Элстин дорд өмн үзгт өрүн болһн горна болн кеңкргин дун соңсгдна.	Элстин дорд омн узгт орюн болhн горна болн кенкргин дун сонсгдна.
soft_g	Намаг эн герт Орҗ ирснәс нааран бәәһә.	Намаг эн герт Орж ирсняс нааран бяягя.
bare	Ямаранчн догшн мөриг цалмар бәрәд зогсаҗ чадхмн.	Ямаранчн догшн мориг цалмар барад зогсаж чадхмн.
partial:no_schwa	Ямаранчн догшн мөриг цалмар бәрәд зогсаҗ чадхмн.	Ямаранчн догшн мөриг цалмар бяряд зогсаҗ чадхмн.
bare_h	Кесг миңһн Джунгарин әмт алад, әмд үлдсинь оңдан һазрар тараһад нүүлһсмн.	Кесг минhн Джунгарин амт алад, амд улдсинь ондан hазрар тараhад нуулhсмн.
e_style	Хурц нүдни хәләц ханшго, теркә зүркни цоклт төвшүршго, теслт уга өврмҗ маниг тер хаалһур көөдмн.	Хурц нудни хелец ханшго, терке зуркни цоклт товшуршго, теслт уга оврмж маниг тер хаалhур коодмн.
russian	Кен энүнд дур уга болдгинь меднч?	Кен энюнд дур уга болдгинь меднч?
mixed	Зөргтә болн дамшлтта арвн хойр цергчнр Пүрвә эврән шүүҗ авсмн.	Зоргте болн дамшлтта арвн хойр цергчнр Пурве эврен шууж авсмн.
partial:no_h	Зөргтә болн дамшлтта арвн хойр цергчнр Пүрвә эврән шүүҗ авсмн.	Зөргтә болн дамшлтта арвн хойр цергчнр Пүрвә эврән шүүҗ авсмн.
soft_h	Наар гиҗ эрҗ айсн эзнчн сәәндр тоову?— гнҗ Цаһан инәмсв.	Наар гиж эрж айсн эзнчн сяяндр тоову?— гнж Цаhан инямсв.
soft_g	Хөрнь гиһич, мана Дорҗ меднәл!	Хёрнь гигич, мана Дорж меднял!
bare	Усна амнд һарһад хайчксн заһсн мет бәәвүв, — гиҗ хөөннь Пүрвә үүрмүдтән келсмн.	Усна амнд гаргад хайчксн загсн мет баавув, — гиж хооннь Пурва уурмудтан келсмн.
bare_h	Ахнриннь хуучн ъиилг шалвуринь Цаһан хасад өмскчдг билә,	Ахнриннь хуучн ъиилг шалвуринь Цаhан хасад омскчдг била,
partial:mongol_kb	Ахнриннь хуучн ъиилг шалвуринь Цаһан хасад өмскчдг билә,	Ахнриннь хуучн ъиилг шалвуринь Цаhан хасад өмскчдг биля,
e_style	Алдр Төрскни дәәни тускар эндрәк Элстин уульнцнрин нерднь болн бумблвснь тодлулна.	Алдр Торскни деени тускар эндрек Элстин уульнцнрин нерднь болн бумблвснь тодлулна.
russian	Зурһан, долан, нәәмн болн йисн давхр гермүд балһс кеерүлнә.	Зурган, долан, няямн болн йисн давхр гермюд балгс кеерюлня.
mixed	Бүтү модн дотр Пүрвән үүрмүдиг теднәс тавн холван фашистнр бүслҗ авчкад, шахад хавчҗ йовна.	Буту модн дотр Пурвян уурмудиг тедняс тавн холван фашистнр буслдж авчкад, шахад хавчдж йовна.
soft_h	Авалиннь һанз эмпн медхгов, хәләтн!	Авалиннь hанз эмпн медхгов, хялятн!
partial:kazakh_kb	Авалиннь һанз эмпн медхгов, хәләтн!	Авалиннь һанз эмпн медхгов, хәләтн!
soft_g	Өр цәәтл гиих бәәдл уга.	Ор цяятл гиих бяядл уга.
bare	— Ай, Цаһада, Цаһада, — тиигҗ аңһуч шовундан нер өглә, — кемр чи күүнлә әдл үг күүндҗ чаддг бәәсн болхинь!	— Ай, Цагада, Цагада, — тиигж ангуч шовундан нер огла, — кемр чи куунла адл уг куундж чаддг баасн болхинь!
bare_h	Намаг болхла негн чигн күн керглдго билә.	Намаг болхла негн чигн кун керглдго била.
e_style	Альд дуулҗахмби? — гиҗ өвгн сурв.	Альд дуулжахмби? — гиж овгн сурв.
partial:no_schwa	Альд дуулҗахмби? — гиҗ өвгн сурв.	Альд дуулҗахмби? — гиҗ өвгн сурв.
russian	Акад юмб, минь энүг Шохндин Бүүрчәр келгсиг яһҗ медвч?	Акад юмб, минь энюг Шохндин Бюурчяр келгсиг ягдж медвч?
mixed	Кермнә цоксн домбрт кевшәд бәәхуговч!	Кермне цоксн домбрт кевшед беехуговч!
soft_h	Юн арвн нәәмн гинәч, көвүн? — гиҗ, сурҗанав.	Юн арвн няямн гиняч, кёвюн? — гиж, суржанав.
soft_g	Эцкм үкхин өмн өргнд бәәх болҗ.	Эцкм укхин омн оргнд бяях болж.
partial:no_h	Эцкм үкхин өмн өргнд бәәх болҗ.	Эцкм үкхин өмн өргнд бәәх болҗ.
bare	Дәкәд нег җил болад— нәәмн зун зурһан машин кегдв, 1970 җилд — «Һурвн миңһн зурһан зун.	Дакад нег жил болад— наамн зун зурган машин кегдв, 1970 жилд — «Гурвн мингн зурган зун.
bare_h	Эн һурвң Эрднь угаһар күмн һазр деер уга бәәсмн.	Эн hурвн Эрднь угаhар кумн hазр деер уга баасмн.
e_style	Һалв салькн дарцгиг моднаснь таслҗ авад шивхәр седсн бийнь, дарцгнь улм ууртаһар сәрвкәд бәәнә.	Hалв салькн дарцгиг моднаснь таслж авад шивхер седсн бийнь, дарцгнь улм ууртаhар сервкед беене.
russian	— Болв негчн күн эндү угаһар җирһҗ үзәд уга.	— Болв негчн кюн эндю угагар джиргдж узяд уга.
partial:mongol_kb	— Болв негчн күн эндү угаһар җирһҗ үзәд уга.	— Болв негчн күн эндү угаhар жирhж үзяд уга.
mixed	Болв тер зунин дуусн цаһан иңгн икр ботхан дахулсн теегин шарлҗнд идшлҗ йовсинь үзләв.	Болв тер зунин дуусн цаhан инггн икр ботхан дахулсн теегин шарлжнд идшлж йовсинь узлав.
soft_h	Тер учрас көлтә күүнә кел меддг болснас авн иньглҗ йовсн үүрән гүвдәд, һазр дор орснас даву ичкевт болв.	Тер учрас кёлтя кюуня кел меддг болснас авн иньглж йовсн уурян гювдяд, hазр дор орснас даву ичкевт болв.
soft_g	Тер болсн үүлдвр яһад келҗәхинь медҗәнт?	Тер болсн уулдвр ягад келжяхинь меджянт?
bare	Хальмг зурачнрин тускар хаалһдан келҗ үзсв.	Хальмг зурачнрин тускар хаалгдан келж узсв.
partial:kazakh_kb	Хальмг зурачнрин тускар хаалһдан келҗ үзсв.	Хальмг зурачнрин тускар хаалһдан келж үзсв.
bare_h	Нег дәкҗ эн модн дундаһур йова йовҗ, мел күүнә көл урднь ишкәд уга һазрт, нег арвһр модна уңгд алтан дарчкув.	Нег дакж эн модн дундаhур йова йовж, мел кууна кол урднь ишкад уга hазрт, нег арвhр модна унгд алтан дарчкув.
e_style	Ахрар келхд, аңхни теегт өссн аңхунар бәәдг малчнрт тер нәр-нааднд үзсн-соңссн болһнь җигтә соньн болҗ медгдв.	Ахрар келхд, анхни теегт оссн анхунар беедг малчнрт тер нер-нааднд узсн-сонссн болhнь жигте соньн болж медгдв.
russian	Намрлад хевнд «һарсн цагган авад оркхч—гиҗ эмгн толһаһан нәәхлн бәәҗ келв.	Намрлад хевнд «гарсн цагган авад оркхч—гидж эмгн толгаган няяхлн бяядж келв.
mixed	Тер дөч һар җил хооран бүрдсн «Бамб цецгәс» эндрәс йилһрмҗнь — эн.	Тер доч hар жил хооран бюрдсн «Бамб цецгяс» эндряс йилhрмжнь — эн.
partial:no_schwa	Тер дөч һар җил хооран бүрдсн «Бамб цецгәс» эндрәс йилһрмҗнь — эн.	Тер дөч һар җил хооран бүрдсн «Бамб цецгяс» эндряс йилһрмҗнь — эн.
soft_h	Та амрарнь үс бүлдг машнн гиһәд бәәтн.	Та амрарнь ус бюлдг машнн гиhяд бяятн.
soft_g	Бата Зандаг әәмшәс халхлад нүд ирмтл би талан шахад теврәд оркв...	Бата Зандаг эямшяс халхлад нюд ирмтл би талан шахад тевряд оркв...
bare	Сө болһн гишң партизанмуд дәврәд, 16-ч мотомеханизированн дивизин гарнизонмудт амрлһ өглго бәәв.	Со болгн гишн партизанмуд даврад, 16-ч мотомеханизированн дивизин гарнизонмудт амрлг оглго баав.
bare_h	Тер хойрин наадыг шилтҗ хәләхдән бидн дурта биләвидн.	Тер хойрин наадыг шилтж халахдан бидн дурта билавидн.
partial:no_h	Тер хойрин наадыг шилтҗ хәләхдән бидн дурта биләвидн.	Тер хойрин наадыг шилтҗ хәләхдән бидн дурта биләвидн.
e_style	Ялчнр хотан уухар герүр цүврлдәд орцхав.	Ялчнр хотан уухар герур цуврлдед орцхав.
russian	Урдк кевтән инәмсклҗәһәд, ах пионервожат келв:	Урдк кевтян инямсклджягяд, ах пионервожат келв:
mixed	Хальмг цергчнриг хаана цергин командирмүд «оңдан номта», «оңдан зүстә» улс гиһәд дөөглдг бәәсмн.	Хальмг цергчнриг хаана цергин командирмюд «ондан номта», «ондан зюста» улс гиhад дооглдг баасмн.
soft_h	Йоста дәәнә үзмҗәр терүг оршав.	Йоста дяяня узмжяр терюг оршав.
partial:mongol_kb	Йоста дәәнә үзмҗәр терүг оршав.	Йоста дяяня үзмжяр терүг оршав.
soft_g	Комбинатын кесг заһсчнр болн көдләчнр дәәнд мордв.	Комбинатын кесг загсчнр болн кёдлячнр дяянд мордв.
bare	Хойр цергч полкин хәәртә туг манх даалһврта бәәсмн.	Хойр цергч полкин хаарта туг манх даалгврта баасмн.
bare_h	Чавас би басл һәрһтә бәәҗв, хәрҗ ирәд бүкл өдртән уульдг биләв.	Чавас би басл hарhта баажв, харж ирад букл одртан уульдг билав.
e_style	Тер көвүнә эзн бәәсн байн зәәсңгәс авн эклв.	Тер ковуне эзн беесн байн зееснгес авн эклв.
partial:kazakh_kb	Тер көвүнә эзн бәәсн байн зәәсңгәс авн эклв.	Тер көвүнә эзн бәәсн байн зәәсңгәс авн эклв.
russian	Норад ирсн үкрч йовҗ өгчәхш.	Норад ирсн укрч йовдж огчяхш.
mixed	— «Далад дусал немр...» гидг хальмг үлгүр та соңслта?	— «Далад дусал немр...» гидг хальмг улгюр та сонгслта?
soft_h	Дәкәд өшәрксн «Юнкерснр» гиинҗ, гесәрн һазрла шурглдҗ ирәд бомбан, хайв.	Дякяд ошярксн «Юнкерснр» гиинж, гесярн hазрла шурглдж иряд бомбан, хайв.
