source	as_written	correct
логи бота	бяядл	бәәдл
логи бота	йовж	йовҗ
логи бота	hалун	һалун
логи бота	йорял	йөрәл
логи бота	кюн	күн
kalmykia.net	Сян хонвт!	Сән хонвт!
kalmykia.net	Сян бяянт!	Сән бәәнт!
kalmykia.net	Асхн тёвкнюн болтха!	Асхн төвкнүн болтха!
kalmykia.net	Йамаран бяянят?	Ямаран бәәнәт?
kalmykia.net	Йир сян!	Йир сән!
kalmykia.net	Дала сян биш!	Дала сән биш!
kalmykia.net	Та гергтявт?	Та гергтәвт?
kalmykia.net	Та хярд hарлт?	Та хәрд һарлт?
kalmykia.net	Та альд бяядвт?	Та альд бәәдвт?
kalmykia.net	Та сяяняр хальмгаhар келнят	Та сәәнәр хальмгаһар келнәт
kalmykia.net	Та йир шулуhар келнят	Та йир шулуһар келнәт
kalmykia.net	Юн гивтя?	Юн гивтә?
поздравления с Цаган Сар	Увлэс эрул менд hарвт	Үвләс эрүл менд һарвт
поздравления с Цаган Сар	Мендвт, мана энкр бичкдуд	Мендвт, мана эңкр бичкдүд
поздравления с Цаган Сар	Цаган Сар	Цаһан Сар
русская передача	Хальмг Тангч	Хальмг Таңһч
русская передача	Джангар	Җаңһр
разговорники	Ханджанав	Ханҗанав
разговорники	Ханжанав	Ханҗанав
синьцзянские ойраты (по статье)	Сян бяянта	Сән бәәнтә
