group	written	chosen	truth	candidates	style	sentence
A. двойник, ошиблись	харин	һарин	харин	һарин:50 хәрин:43 харин:20	e_style	Олмhа келте Отхна Манжиг хоолынь боож алсн гецл, шажнд хулдгдсн «харин» Гоогн хойр бергдед догшн эасгла харhж туугдв, Арвг гелн ардан хелел уга Пиитрен орад эрлв.
A. двойник, ошиблись	ура	ура	үрә	ура:24 үрә:9	mixed	«ура» буурл, даахн буурл, донн буурл – хурвн буурл морн.
A. двойник, ошиблись	хоо	хоо	хөө	һоо:2 хоо:1	mixed	«Чама» гиhяд хооhян холд тууhад hарсн бийнь, эорж hарч чадад, асхлад хярю хоо- Hян тууhад кюрч ирня.
A. двойник, ошиблись	ху	хү	ху	хү:21 һу:11 ху:5 һү:1	bare	«ху» негна насн ковуд била.
A. двойник, ошиблись	тов	төв	тов	төв:24 тов:22	e_style	Басановин отделень теднд медмж угаhар ардаснь молкж иред, фашистнр сана автлнь, нег эврен йовдг «Фердинанд» болн дорвн ик «тов» тедне салдсмудтаhинь кевтнь кел берж авсмн.
A. двойник, ошиблись	баг	баг	баһ	баһ:581 баг:161 бәг:35	bare	Саткун Пурва тиигхдан «баг» Дорвда Шкм-ин доладгч класс тогсачксн, арвн зурган наста бийнь, манас холд ах медата кууна тоод баадг била.
A. двойник, ошиблись	аман	әмән	аман	әмән:144 аман:86 амаң:1	bare	Лам ном умшлган чилагад, манжин авч ирсн аагта усар «аман» заалчкад, шира деерасн хойр колан сунгад дорагшан дуужлв.
A. двойник, ошиблись	эрк	эрк	әрк	эрк:268 әрк:258	soft_h	Гижгтя кюукд нег бедртя «эрк» булаж авдг бяясмн.
A. двойник, ошиблись	багд	багд	баһд	багд:6 баһд:5	soft_g	Маниг «багд», хюрм, гиичд одсн цагт иигяд нуглур бюкляр эальгулад зовадгбилэ.
A. двойник, ошиблись	амн	амн	әмн	амн:183 әмн:55 әмң:1	bare	Бий «амн» уга тоотын му нериг хару ниилад утлму,
A. двойник, ошиблись	эл	эл	әл	әл:13 эл:9	mixed	«эл» беесн манжнр, гецлмюд, гелнггюд Батаг школд орхар ирсинь цуг медне.
A. двойник, ошиблись	оон	оон	өөн	өөн:5 оон:4	soft_h	Эртиняhя цюуглдсня Х'«оон» Свинарев бийдян дурго болжана гиж Пюрвя сандг биля.
A. двойник, ошиблись	э	э	ә	э:195 ә:187	soft_g	Дарунь газа мердин «э» гарад, колхозин ахлач Темянг, Бата, Муута гурвн орад ирцхав.
A. двойник, ошиблись	ду	ду	дү	ду:398 дү:258	mixed	Чи нанла мел эвряннь «ду» куукнля эдл куунддг биляч: яhж боргч гун унhлж чадлго бяясинь, яhж онhц ясжаhад хурhан цокад овдкячксян, яhад одрин дуусн эмнг мёрдля зовлн эдлсян.
A. двойник, ошиблись	уурнь	уурнь	үүрнь	уурнь:53 үүрнь:29	bare	«уурнь» торунд келхш, болв Сожин халацар баагад дасчксн Бадм, теруна уханд суулин цагин эргцд юн орж одсиг йир саанар медна-.
A. двойник, ошиблись	нёг	нёг	нөг	нёг:2 нөг:1	soft_h	Ода ирж чи бидн хойр сурhуль сурж эмт девтядгм бидн бяг! тенюняннь ормд нанд «нёг» болх зоглцх кодоимш олж огтн гихла яhдв.
A. двойник, ошиблись	ор	ор	өр	өр:227 ор:182	mixed	«ор» цяялхнля фашистнр мана баг гвардейцнрур чангх дяврлх кесмн.
A. двойник, ошиблись	урн	урн	үрн	үрн:52 урн:38 урң:1 үрң:1	soft_h	Hал тюляд, ця неряд хяляня: юн шулун болх, «урн» hарну, ця буслну, – гиhяд дёрлддг бяяж.
A. двойник, ошиблись	авх	авх	авһ	авх:395 авһ:103	mixed	Орхад гилта эвран сурхуль сурхар ирюв гихла, «авх» телн, ах гелн хойр уурлх.
A. двойник, ошиблись	ташрлж	ташрлж	ташрлҗ	ташрлҗ:3 ташрлж:1	bare	Кузьма Городовиковин морна сууласнь атхад авсн болв, цагачуд сана автлнь тер хойр гер «ташрлж» одв.
A. двойник, ошиблись	дур	дүр	дур	дүр:17 дур:12	soft_h	Байн эзн биисинь тюлкж йовх шин йоснд «дур» уга болад: эляhян амндан зюусн—элхн деерян шумр шатасн, теорсн hодьл болсн, тошсн бух болсн орhдулмудла, Яhад седклян негдюляд, делюhян девсжяхинь Бата меджяхш.
A. двойник, ошиблись	һан	һаң	һан	һаң:34 һан:11 һән:3 һәң:3	mixed	Байрта гидгм— олн тана меддт хаврас нааран хеегде хар модн hан зян эз» олдв. hундлта гидгм — тер олдсн кюн манла хамдан мана колхоед беех кюн.
A. двойник, ошиблись	торсн	төрсн	торсн	төрсн:57 торсн:24	soft_h	Эн деерк кёрснь дольган мет эрятя шар элстя hазрт эря «торсн», чонгн урhмл — овсн hарна.
A. двойник, ошиблись	усинь	усинь	үсинь	үсинь:31 усинь:11	soft_h	Алькв наарлч!—гиж дуудж авад, толhаhинь иляд, «усинь» эряд хяляжяhяд Цаhан тал нюдняннь булнгар хялян:
A. двойник, ошиблись	санжах	санжах	санҗах	санжах:2 санҗах:2	soft_h	Бичкн кёвюд Киштяг керглж бяяхмн уга, кюукд кюунд юн овярц юмн бяяхв гиж «санжах» бяядлтя.
A. двойник, ошиблись	устад	үстәд	устад	үстәд:1 устад:1	mixed	Суудрен халегед, кунд темр матгар огородт ургсн олн зусн буг овс унгарнь чавчхла, хойр гарнь булчнгарн чинед, альхнь «устад», нургнь кешед йовна.
A. двойник, ошиблись	зун	зун	зүн	зун:516 зүн:320 зүң:2	e_style	«зун» омн куреед Арвгин эогссн цаhалчксн ут шавр герин терзер шамин герл соонь орел давтл унтрсн уга.
A. двойник, ошиблись	сург	сурһ	сург	сүрг:7 сурһ:6 сург:1	soft_g	Зярмснь: эм тня кёвюд дахад бюрюц йовад «сург», Бата угагар Чигн торчалавдн гилдня.
A. двойник, ошиблись	усиг	усиг	үсиг	усиг:19 үсиг:6	e_style	Гиичнрен сеенер тоохин кергт, укрин «усиг» цуглулхар шиидв.
A. двойник, ошиблись	тарсна	тәрснә	тарсна	тәрснә:2 тарсна:2	soft_h	Няр тёгсад «тарсна» хёон Богзг орндан орхиннь омн:— Одак дууч кевюhяр хёеч кеж авхмн гив.
A. двойник, ошиблись	һан	һан	һаң	һаң:34 һан:11 һән:3 һәң:3	e_style	Декед хаврар терсн буудя май, июнь сарин халун hан дааж чадлго баh урhц огдг биле.
A. двойник, ошиблись	нууна	нууна	нүүнә	нууна:3 нүүнә:2	bare	Тегад олг-эдан ачж авад, омн узг темцж нуугад Манцин кец, Терекин болн Кума голмудын ташугар улдсн малын идгин тола «нууна»».
A. двойник, ошиблись	да	дә	да	дә:49 да:26	bare	«Ангрха га», «нег геста ча», «хойр геста ча», «яман ар», «сумн «да»» гигад даснавдн, тенуган югинь медхшвдн.
A. двойник, ошиблись	савад	сәвәд	савад	сәвәд:2 савад:1	soft_g	Кемр мана некд, адёолн цаган саната сургуль, эрдм тату болад кюуня авт оращ «савад», сандрж йовхмнь медхля, тер кюунд бидн хаалгинь эааж огад бнйсян дахулж асрмж огх зёвтявдн.
A. двойник, ошиблись	шажн	шажн	шаҗн	шаҗн:6 шажн:2	e_style	Мана «шажн» лам мааслдхла, цуг тер урдк торлhенд кесн, келсн килнцин унгинь таслдг, кучте тиим эдс огдг беесмн.
A. двойник, ошиблись	хорад	хорад	хөрәд	хорад:99 хөрәд:52	bare	Эк, эцгнрнь «хорад» таалулдгож гиж Занда шимлдж цаалгв.
A. двойник, ошиблись	амта	әмтә	амта	әмтә:59 амта:19	mixed	Э-э, Эмба заасн онгрджаhад, эн хурлиг — эмгн «амта» эр нерта кун толhалад орквэа, халаж йов гидж нанд даалhла! гидж Бадм цакв...
A. двойник, ошиблись	газ	һаз	газ	һаз:2 газ:1 гәз:1	soft_g	Эндр геологчнр республикин омн узгт нефть болн «газ» гардг газриг «хуучн» гиж тоолна.
A. двойник, ошиблись	туудг	туудг	түүдг	туудг:7 түүдг:3	e_style	Бата хооч болад орсна арднь эцгнь дала болсн хооhинь услна, ах Муузра худгинь малтад огчкне, бергнь Цаhан деесинь томна, «туудг» кеhед утцинь ээрне — тиигед мел цуhар онгер кодлцхана.
A. двойник, ошиблись	ус	ус	үс	ус:232 үс:100	soft_h	«ус» буслhчкад, ус кеhяд, кимр гиhяд ууна.
A. двойник, ошиблись	буч	буч	бүч	бүч:2 буч:1	mixed	Бата барун колиннь боршмгин «буч» чанhав.
A. двойник, ошиблись	уурад	уурад	үүрәд	уурад:91 үүрәд:42	bare	Куук «уурад» авад гаргчкад, ода иигад гарчкад, тунган тергн тал суулгжахмб?
A. двойник, ошиблись	ээж-ааван	ээж-ааван	ээҗ-ааван	ээҗ-ааван:1 ээж-ааван:1	e_style	Кокулед осксн «ээж-ааван» Кезе насндан мартхв.
A. двойник, ошиблись	буслад	буслад	бүсләд	бүсләд:58 буслад:51	bare	Модар кёгад, томрар «буслад» орксн шат, эармдан ацан ик болад, кучнгджах мет шухтнад одна.
A. двойник, ошиблись	ног	ног	нөг	ног:4 нөг:1	mixed	Ода ирдж чи бидн хойр сурhуль сурдж эмт девтедгм бидн бег! тенуненнь ормд нанд «ног» болх зоглцх кодоимш олдж огтн гихла яhдв.
A. двойник, ошиблись	серсн	серсн	сәрсн	серсн:16 сәрсн:13 сәрсң:1	e_style	Цаhан ю-куhен ахулад, аавиннь оринь ясад унтулчкад, зун биитк Муузран орна хуучн ширдген делгед, буулhмр «серсн» hадрта тунтг дерен тевж авад Батаг оврлед орндан орв.
A. двойник, ошиблись	уурч	уурч	үүрч	уурч:32 үүрч:13	mixed	Бата орюн дунгин дун гурвхдхла шар зес бюстя хар модн донджг авад заминас хойр телнгин хов ця, цавин махнас авч иряд, тенюнднь кюртяд, хойр суулг «уурч» арад хурла шатга худгас ус авч ирня.
A. двойник, ошиблись	хар	хар	хәр	хар:1517 һар:645 хәр:65 һәр:1	mixed	Бульнгрин Догшн «хар» Санлдан Кюнд Гарта Саврнь босн, Найн негн алд аав балтан «Хар газрт кергта зер-зев», – гидж огв.
A. двойник, ошиблись	ижлдсн	ижлдсн	иҗлдсн	иҗлдсн:3 ижлдсн:1	soft_g	Тиигдг учрнь бас бяяня: тедн дегяд олн болхларн герт «ижлдсн» малд идг улдяшго.
A. двойник, ошиблись	тулдг	тулдг	түлдг	тулдг:1 түлдг:1	e_style	Декед «тулдг» тулен уга, бучр авхас биш, юм авдг арh уга.
A. двойник, ошиблись	пионермуд	пионермуд	пионермүд	пионермүд:3 пионермуд:1	mixed	Лижтн яhла? гиж. одак хар эмгн сурв, я одак «пионермуд» оддг лагерт «халун усн» тал одла, удл уга ирхмн гиж Муузра келяд босв.
A. двойник, ошиблись	унһах	унһах	уңһах	унһах:2 уңһах:1	e_style	Ковуhен му нернд унhах санан уга.
A. двойник, ошиблись	ан	ан	аң	аң:20 ан:11 ән:6	mixed	Энд, модн дотр «ан» ааль-мек харххларн, зуг хархндж укшгон тёляд хархна.
A. двойник, ошиблись	амнд	амнд	әмнд	амнд:122 әмнд:30 амңд:1	bare	Володя эн даанд дакн тавн кууна «амнд» курв.
A. двойник, ошиблись	ээжм	ээжм	ээҗм	ээҗм:3 ээжм:2	soft_g	Эргюляд шюуглян шюув чигн, Энкр «ээжм» сангдна.
A. двойник, ошиблись	халас	халас	хәләс	һалас:15 халас:6 хәләс:2	bare	Эндр «халас» гилав.
A. двойник, ошиблись	келен	келен	келән	келен:42 келән:30	e_style	Даалhврин турун энгнь куцв, болв ода терунес даву жанhрта торнь, берж авсн ««келен»» эмдер эвреннь полкд авч ирх.
A. двойник, ошиблись	гв	гв	һв	һв:3 гв:1	soft_g	Пюрвян келен уг Олзятиг алн бол!«гв».
A. двойник, ошиблись	урн	үрн	урн	үрн:79 урн:42 үрң:1 урң:1	e_style	Батан бичсн «урн» сеехн угер чимсн кундте грамотар ачлв.
A. двойник, ошиблись	тигж	тигж	тигҗ	тигҗ:1 тигж:1	bare	«тигж», ичрта гархар — уксн деер.
B. двойник, угадали	халг	халг	халг	халг:3 халһ:3	bare	Ягла «халг», манахс, оратж одув!..
B. двойник, угадали	нер	нер	нер	нер:416 нәр:113	mixed	Дяяня хёон хёрн жил болхла, тер ик зёрмг, чидмг-чадмг йовдл hарhад, эмян эрвллго йовснднь энюнд — Советск Союзин Геройин «нер» Советск правительств огсмн.
B. двойник, угадали	сулдж	сулдҗ	сулдҗ	сулдҗ:10 сулдж:3	soft_h	Чамд «эрк зёожяня», наар, энюг хурhарн даржа гиhяд домбриннь «сулдж» одсн берн чанhав.
B. двойник, угадали	хол	хол	хол	хол:360 һол:240	bare	Тер нефтиг тиим холд зоож йовхар Улан «хол» деер нефтезавод тосххла бас амр болн олзта болхмн.
B. двойник, угадали	оран	оран	оран	өрән:18 оран:10	e_style	Элвг шаран зурhан минhн Арвн хойр бийерн Шергж мордад, Бумбан «оран» темцед, Одриг одр гил уга, Соог со гил уга йовад, Ондр шар цоохр беешнгин Хашр монгн ууднд ирж буув.
B. двойник, угадали	ду	ду	ду	ду:398 дү:258	soft_h	Хальмг олн-эмтня кюукд улс хату-мётю хаана йосна цагт ямаран ик зовлн эдлж йовсна тускар «Тёгряш» гидг «ду» тер эвр уйдлтаhар, сонссн кюн ууляд бяям чигяhяр дуулна.
B. двойник, угадали	лэ	лэ	лэ	лэ:9 лә:4	bare	Кензеевиг Болдырев нег дакж дуудсн би «лэ».
B. двойник, угадали	гражданск	гражданск	гражданск	граҗданск:22 гражданск:15	e_style	Тер дууhинь «гражданск» деене туршарт хальмг цергчнр дуулдг беесмн.
B. двойник, угадали	ана	ана	ана	ана:6 әнә:3	soft_g	Аавин ганцх Манжин кёвюн Эрнжян, «ана», Ана бергян Санн гундад йовна.
B. двойник, угадали	ен	ен	ен	ен:14 ән:6 ең:1	soft_g	Олзят ардаснь гюуж иряд, ээмяснь авад, хярю эргюлхяр седв, болв «залу кюн — зер «ен» талан, зандн модн — зангрсн талан» гишн, Пюрвя ууд секяд гарад одв,
B. двойник, угадали	хар	хар	хар	хар:1517 һар:645 хәр:65 һәр:1	soft_h	Тиигжятл, хаалhар нег мёртя, сян эмялтя, хазарта, арвн няямтя кёвюн «хар» шеемг бюшмюдтя, мёнгн бюстя хатрж йовад, кёвюн суусн нюкнюр кюряд ирв.
B. двойник, угадали	харх	харх	харх	һарх:171 хәрх:52 һарһ:22 харх:4	soft_g	Бидн толгачнран кюндлх, эрвлх, «харх» зёвтявднболж.
B. двойник, угадали	сул	сүл	сүл	сүл:238 сул:129	e_style	Дорж бичтиг экнэс авн «сул» куртлнь аав, Цаhан хойрт адhл уга умшж егед:
B. двойник, угадали	болхар	болхар	болхар	болхар:120 болһар:43	mixed	Эн бальчгин оор ирж беершед, тюрж-зовж йовсн кюунд дон «болхар» седнев...
B. двойник, угадали	юунла	юунла	юунла	үүнлә:7 юунла:2	mixed	Эцкнь «юунла» хархад, онгрж одсмн, дяянд одсн бяясмн.
B. двойник, угадали	нохата	нохата	нохата	нохата:4 ноһата:1	soft_h	Бата «Минhн зеевя» дасж авсан, аавдан келж огхлянь Цаhан Батаг бууляд-магтад, эндр мини оврт хонхлачн би чамд: «Буурхн буурл hалзнта Богд Аршин гегян», «Арж-Бурж хан», «Хаср-Баср «нохата», хала шонхр шовута хаана тюшмл кёвюн», «Цецн бер» гидг туульс келж огняв гиж окярлж келв.
B. двойник, угадали	йорал	йөрәл	йөрәл	йөрәл:65 йорал:14	bare	Йоралин ид-сидт иткдг заншал одачн алдрад уга, одга цагин амдрлд учржах шин йовдлмуд бас йоралар батлгдна, зуг «йорал» тавлгна дурмд шинрлтс зааж болхмн.
B. двойник, угадали	хо	хө	хө	хө:88 хо:74 һо:28	bare	Тенунасн суудр сунад, «хо» кондах кем болхла, тедукн баасн зангта худгас суулгта ус тач авад балгж уучкад, улдлинь толга дееран кегад серггж авад, хееган кендагад суудринь халагад туугад гарна...
B. двойник, угадали	дурлх	дурлх	дурлх	дурлх:5 дүрлх:1	mixed	Тедн бийдм дурлад, бийим эмтнес йилhед беехле седклм ханад байрлхас биш, эврен «дурлх» ухан ордго биле.
B. двойник, угадали	харһад	харһад	харһад	һарһад:594 харһад:217	e_style	Эцкнь юунла харhад, онгрж одсмн, деенд одсн беесмн.
B. двойник, угадали	заасн	заасн	заасн	зәәсң:124 заасн:58	mixed	Тер, Бадмин «заасн» хурвдгч халхиг хележехед, ик-ик узгудер барлсн узгудиг ниилулж умшв:
B. двойник, угадали	зун	зун	зун	зун:516 зүн:320 зүң:2	soft_g	«зун» гар жил хооран элстя сала дотр ирж, нюудг хальмг хотн тюрюн болж бяяршхдян, тёгялнднь шар элсн бяясн уршгар Элст гиж нерядсмн.
B. двойник, угадали	амнднь	амнднь	амнднь	амнднь:32 әмнднь:9	mixed	Ик товсан hолын йоралар канатар татж, тер «амнднь» hарhв.
B. двойник, угадали	тулх	тулһ	тулһ	тулһ:10 түлх:8 тулх:1	mixed	Гер болхна тал дунд, харач дор бяядг хулмт, «тулх», коотя далха, хяясн, девляр бурксн маштг модн орн, деед бийдк баран — эн хамг уга бяясмн.
B. двойник, угадали	эм	эм	эм	эм:64 әм:58	bare	Арун шагшвдта «эм», ээж, таниг Гурв алххла, гарх, – гигад сурад баахла, Ковунаннь седкл тевчад, Хойр алхад, гурвдхлаг, Шархин амн деер гарч ирад, Унл уга баагад баав.
B. двойник, угадали	йовхар	йовхар	йовхар	йовхар:112 йовһар:50	soft_g	Тер нефтиг тиим холд зёож «йовхар» Улан Хол деер нефтезавод тосххла бас амр болн олзта болхмн.
B. двойник, угадали	нур	нур	нур	нур:43 нүр:32	bare	Усн ордг цагт «нур» ширгж одхла, нег хойр-гурвн метр малтхла, кезана амтахн усн гардг била.
B. двойник, угадали	буслад	буслад	буслад	бүсләд:58 буслад:51	soft_h	Сюулин угинь сонсад, бригадирин хорнь «буслад» одв.
B. двойник, угадали	усн	усн	усн	усн:338 үсн:97 усң:1	soft_h	Ода терюнля зерглдяд тявсн ик турваhар Чоhран «усн» бас ирв.
B. двойник, угадали	ор	ор	ор	өр:227 ор:182	e_style	— Мини нерн — Эмнч, «ор» hанцхн бийден дурта кун!
B. двойник, угадали	нохан	нохан	нохан	ноһан:119 нохан:62	soft_h	«нохан» худ овгн Тюлмжин Каару му зангта бух мет hацчкад, келсн угян хярю авлго, hолиhяд бяяhяд бяяня.
B. двойник, угадали	пиитрин	пиитрин	пиитрин	пиитрин:2 пиитриң:1	bare	Мана «пиитрин» сумд Ленина бийнь махлаган авчкад зергла куундг бааж.
B. двойник, угадали	хала	хала	хала	хәлә:72 хала:55	soft_h	«хала» деерян хуурчаhад, тюукя буудя идхля, гемняд идцхях, тюнгиг хавтхднь кеж огчкяд, кёдлмшт hарна.
B. двойник, угадали	зерлг	зерлг	зерлг	зәрлг:98 зерлг:28	soft_h	Хавртнь, зунднь бидн тер нуурин уснд оомхля, манас эялго, мана хажуд «зерлг» hалуд, нуhсд, хун бас манла эдл дёглдяд усчад нааддг биля.
B. двойник, угадали	алд	алд	алд	алд:28 әлд:9	soft_g	Чи долап «алд» аргмжинь томж огвч, эн хамгиг эс медх билю? — гиж овгн унн цаган седклярн келн, болв аврлт угал улс гиж, дотран санв.
B. двойник, угадали	тавн	тавн	тавн	тавн:705 тәвн:152	bare	Дакад «тавн» жилин туршарт амт хаагад, хару куунд хуврхар ухалад, зальврад йовлав.
B. двойник, угадали	хариг	хариг	хариг	һариг:47 хариг:10	mixed	Эн аамгин Цедн гидг зааснг «хариг» гертан авч зарджадж.
B. двойник, угадали	гнж	гнҗ	гнҗ	гнҗ:33 гнж:31	e_style	Бив, качевать можно! «гнж» Лиж. hазаhас хеекрне.
B. двойник, угадали	ус	ус	ус	ус:232 үс:100	soft_g	Кюрз, чичюр, кирк гурвн— зер-зев. газр, шавр, бальчг гурвн — кюч-кёлсня аш. газр бургудад шин «ус» олж. авсн бяярнд Кензеевин бригад нюк малтад, ус татдг электромотор тявх бюур белдв.
B. двойник, угадали	эмин	эмин	эмин	әмин:11 эмин:3	mixed	«эмин» саанар тарад баахнь,
B. двойник, угадали	не	не	не	нә:392 не:376	mixed	«не», тегад, тер кёвуг тавсн хёвм болвза гиж санх чамд юн зёв-учр баана?
B. двойник, угадали	хонх	хоңх	хоңх	хоңх:26 хонх:17	mixed	Ар Бумбин орндан Зурган мингн Арвн хойр бийерн Шар цоохр беешнгин Хашр мёнгн ууднд ирдж буугад, Тулкдж тумн неемн мингн «хонх» джиннулед, Татдж тевн мингн хонх джиннулед орад ирв.
B. двойник, угадали	авх	авх	авх	авх:395 авһ:103	soft_g	Манжин санагар болхла, Элст балгснд болсн Хальмг тангчин марга «авх» мёрняс даву эркн кюсл уга болж гарчана.
B. двойник, угадали	хая	хая	хая	хая:4 хәә:1 һәә:1	e_style	Худгас тедукн шарлжта судлин ковед: Батан таньл зеегте нудте сеехн хо-цаhан гецл Бажан Зунhру еорен тегрг хар хурсх махлата бичкн берте, «хая» шиг-шиг гиж инелдед, шивр-шивр гилдед щарлжн эаагт оууцхана.
B. двойник, угадали	заясн	заясн	заясн	зәәсң:119 заясн:28	bare	Куунд живр ягад эс «заясн» болхв.
B. двойник, угадали	залрж	залрҗ	залрҗ	залрҗ:3 залрж:1	soft_h	Цаhан авhа хяярн болж, Оки тенгр манна деермдн «залрж», орчлнгин му хамгинь эрлhж, олн зюсн зовлн-тюрюhяс, дян-дажгас гетлгтхя!..
B. двойник, угадали	шан	шаң	шаң	шаң:11 шан:3	soft_h	Урднь кюуня хё, укр хярюлж йовсн угатя улсин кёвюд, кюукд «шан» асрдгж гиня! — гиж Бата аовяр чанhар хёоткдян няялж келв, тер юнгад гихля Бова гелнгин чикнь хату.
B. двойник, угадали	ма	ма	ма	ма:67 мә:57	e_style	Агени Йистин орнд Алдр зальврч Зункв, Эн цагин эмтиг Аврлгсн иткулв, Ом «ма» ни падме хум.
B. двойник, угадали	усиг	усиг	усиг	усиг:19 үсиг:6	soft_h	Суулh «усиг» буслhад, тазд кеhяд, терюндян кирпич тявдмн.
B. двойник, угадали	харһхдан	харһхдан	харһхдан	харһхдан:6 һарһхдан:2	e_style	Теруне тускар Жалхан Пурве Саткун Пурвеле турун харhхдан келж огсмн.
B. двойник, угадали	уста	уста	уста	үстә:103 уста:41	bare	Овгн нернь мартшгогар: «Булмг, булмг», – гигад, деегшан халагад йовж йовад, «уста» газрт хальтрад унад, “булмг”гидг уган мартна.
B. двойник, угадали	дуд	дуд	дуд	дуд:23 дүд:6	soft_g	Энюняс гарсн кюукд ут дуудыг цааранднь оргжюлсмн. 13-14 зун жилмюдяс авн ут «дуд» оордин хюрмд болн байрин одрмюдт йослл дуд болв.
B. двойник, угадали	бекр	бекр	бекр	бәкр:1 бекр:1	e_style	«бекр» заhсна турсиг Белдж шанд огия.
B. двойник, угадали	амн	амн	амн	амн:252 әмн:70 әмң:1	e_style	«амн» нурhарн оргн, Ахр чон чикте. тевг — куклнь ахрхн болад нигт.
B. двойник, угадали	ориг	ориг	ориг	ориг:2 өриг:2	soft_g	Зун орн бяяриниг зёрмгярн гатлсн-лэ, Зурган «ориг» баатр чииргярн гатлсн-лэй, Эдю дюнгя арслн, эй, Энгин зурган мингн Арвн хойр бийярн эс бярлдхля, Алдрад одхмн, – гиж бяянял.
B. двойник, угадали	цас	цас	цас	цас:25 цәс:6	soft_g	Авч гарсн махн, хот чилв, хая-хая поезд зогссн цагла, шулун гидгяр гарч гюугяд ус, «цас» авад, вагонд тёмр бешт бюляляд уудг билявидн.
B. двойник, угадали	журналд	журналд	журналд	журналд:2 җурналд:1	bare	Жирдгч жилин эклцар «Юность» гидг «журналд» «гурвн зург» гидг туук барлгдснас нааран цугсоюзин болн республиканск дегтр гаргачнр тасрхан уга гишн Балакан Алексейин уудаврмуд барлж гаргжав.
B. двойник, угадали	хорнд	хорнд	хорнд	хорнд:2 хөрнд:2	e_style	Иим беедлес колте Кава эрк эклж ууhад, hуч куред уга насндан (hашун харин «хорнд» хордад укн алдв.
B. двойник, угадали	харх	хәрх	хәрх	һарх:171 хәрх:52 һарһ:22 харх:4	bare	Ирсн гиич «харх» цаган медулна.
B. двойник, угадали	амндан	амндан	амндан	амндан:49 әмндән:10	e_style	Кимр уучкад, уд куртл «амндан» юм авдмн биш.
C. незнакомое слово, несколько кандидатов	харгад	һарһад	харһад	һарһад:647 харһад:248 хәргәд:11	mixed	'«Сургуль сурхмн» гисн уг Батан седклань «харгад», живр ургагад оркв.
C. незнакомое слово, несколько кандидатов	тогс	төгс	төгс	төгс:2 тоһс:1	e_style	Иргч жилнь оргсн цагт Эзн нойн Жанhр Тувин дорвн хаани куукд hолад, Ном «тогс» хаани куук, Аh Шавдл хатан залад, деерен Тор шажн хойран hартан авч, Тек Зула хаани улдл, Тансг Бумб хаани ач Узн алдр хаани ковун, Уйин ончн Жанhр гиж, цолан дуудулв.
C. незнакомое слово, несколько кандидатов	еор	еөр	еөр	еөр:3 әөр:1	e_style	Арвн-хорн кун эре гиж. эргулдг курд, зергин орге, «Ухр мань», «Морн ки» гидг гелнгуд эмт меклдг юмсуд шин узв. тергте, мерте, темете, цар тергте, йовhн улс уэг болhнас шорhлжн мет цувад-цувад хурлин «еор» иред буулдад беецхана. hал удин алднд, hурвн мернд татсн тачанк омн зо деерес шурун хатрларн орад аашна.
C. незнакомое слово, несколько кандидатов	хархнав	һарһнав	һарһнав	һарһнав:8 харһнав:3	mixed	Би оцклдур биихин хёон ур куукян «хархнав» гихяд, эр цяятл йовлав.
C. незнакомое слово, несколько кандидатов	жиигяд	җиигәд	җииһәд	җиигәд:9 җииһәд:4	soft_g	Кёвклздг когтя тэмр орн деер кёлян «жиигяд», кёлсян хагсагад, ик хар эандн эркян эркядян орагад орксн:
C. незнакомое слово, несколько кандидатов	ган	һаң	һан	һаң:34 һан:11 һәң:3 һән:3 гән:2	bare	Байрта гидгм— олн тана меддт хаврас нааран хаагда хар модн «ган» зян эз» олдв. гундлта гидгм — тер олдсн кун манла хамдан мана колхоед баах кун.
C. незнакомое слово, несколько кандидатов	ган	һаң	һән	һаң:34 һан:11 һәң:3 һән:3 гән:2	bare	«Чама» гигад хооган холд туугад гарсн бийнь, эорж гарч чадад, асхлад хару хоо- «ган» туугад курч ирна.
C. незнакомое слово, несколько кандидатов	дунгра	дуңһра	дуңһра	дуңһра:4 дунһра:1	mixed	Цал буурл сахлта Овгд «дунгра» куцяд, Ээлджг улан эмгд дунгра куцяд, Цууда цаган беряд дунгра куцяд, Цусн улан куукд дунгра куцяд, Эмнг гуудин усн Элвг арзин суур Болад суудг, гиня.
C. незнакомое слово, несколько кандидатов	овдж	өвдҗ	өвдҗ	өвдҗ:5 овҗ:1	bare	Уудавр болгндан Пушкин хальмгт ор «овдж», гол зуркнасн бичсн болдг.
C. незнакомое слово, несколько кандидатов	санж	санҗ	санҗ	санҗ:307 сәнҗ:67 саңҗ:1	bare	Урал гидг голын уснь Уух гиж кен «санж» йовсмб?
C. незнакомое слово, несколько кандидатов	курхнь	күрхнь	күрхнь	күрхнь:3 күрһнь:1	bare	Овгн — отхн кетун наадна кун болш уга гиж келхр седчкад, кууна келн «курхнь» яахв гиж санад:—тьфу, тьфу, тьфу... колм унтрад бааж гигад ганэан ормдан мартад орн талан гарв.
C. незнакомое слово, несколько кандидатов	кевун	кевүн	кевүн	кевүн:5 кәвүн:4	bare	Хойр «кевун» кулалгсн уга.
C. незнакомое слово, несколько кандидатов	энг	әңг	әңг	әңг:94 эң:44 эңг:1	mixed	Бата хойр «энг» болж одсн саман эргюляд, духрулад хяляджяхяд, хумхл заагт хайчкад:
C. незнакомое слово, несколько кандидатов	эркан	әркән	эркән	әркән:48 эркән:34	bare	Ковклздг когта тэмр орн деер колан жиигад, колсан хагсагад, ик хар эандн «эркан» эркадан орагад орксн:
C. незнакомое слово, несколько кандидатов	герен	герән	герән	герән:83 һәрән:51 гәрән:13	e_style	Тууhад йовж, нег уста, овсте hазрт иред, зогсад, хальмг «герен» берж авад, гер дотрк эд-тавран хураж авад, куукн кургн хойр герин эзн болад, амрад жирhед беев.
C. незнакомое слово, несколько кандидатов	дуугин	дүүһин	дууһин	дүүһин:4 дууһин:1	soft_g	Хальмг Государственн «дуугин» болн биигин ансамбль
C. незнакомое слово, несколько кандидатов	дууган	дууһан	дүүһән	дууһан:64 дүүһән:60 дүүгән:1	bare	Хойр ик ахнь бичкн «дууган» медх уга гигад нег нург улдагад, бийснь хошад дундур нург идчкад, эс медсн болад баацхана.
C. незнакомое слово, несколько кандидатов	жангрч	җаңһрч	җаңһрч	җаңһрч:11 жаңһрч:3	bare	Эцкм, Лижин Тоолт – «жангрч». 1906 жилд торсмн, баг цагтан «Жангр» келдг, республиканск марганд, нар-нааднд 1939 жилас авн эклж орлцдг. 72 худл келдг, тек биилдг.
C. незнакомое слово, несколько кандидатов	харгж	һарһҗ	харһҗ	һарһҗ:448 харһҗ:125 хәргж:1	soft_g	Олмга келтя Отхна Манжиг хоолынь боож алсн гецл, шажнд хулдгдсн Харин Гоогн хойр бяргдяд догшн эасгла «харгж» туугдв, Арвг гелн ардан хялял уга Пиитрян орад эрлв.
C. незнакомое слово, несколько кандидатов	харххас	һарһхас	һарһхас	һарһхас:4 харһхас:2	mixed	Жирхлиг чирдг арх ута, тюлкад «харххас» биш.
C. незнакомое слово, несколько кандидатов	курн	күрң	күрң	күрң:32 күрн:31	e_style	Кунд Hарта Саврнь Куукн «курн» Hалзнарн зов эргед, Курл монгн дореднь моргед, Хан Жанhртан медулн йовна:
C. незнакомое слово, несколько кандидатов	харнь	хәрнь	хәрнь	хәрнь:290 һарнь:76	bare	«харнь», бригадир, чамас суржанав: нанд кодлмшин кундаснь, чичурин бодунаснь ог, курзин икаснь ог....
C. незнакомое слово, несколько кандидатов	кюрн	күрң	күрң	күрң:32 күрн:31	soft_h	Кюнд Hарта Саврнь Кюукн «кюрн» Hалзнарн зёв эргяд, Кюрл мёнгн дёряднь мёргяд, Хан Жанhртан медюлн йовна:
C. незнакомое слово, несколько кандидатов	харгж	һарһҗ	харһж	һарһҗ:448 харһҗ:125 хәргж:1	bare	Тенунасн парт ячейкин сеглатра «харгж». мендлхар одв—Мана кун ара гаран тавдг кун.
C. незнакомое слово, несколько кандидатов	келгж	келгҗ	келгҗ	келгҗ:5 келһҗ:1	e_style	Ода тер морнден сангидг сур цуца «келгж» ав.
C. незнакомое слово, несколько кандидатов	зууж	зүүҗ	зүүҗ	зүүҗ:37 зууҗ:12	bare	На, ода гарсн урнтн Ут нас «зууж», бат кишгта болж, Эн зурган зуулин амтна хормад багтж, Гем-шалтг уга, менд-амулн йовхинь Деедс хаарлтха!
C. незнакомое слово, несколько кандидатов	энгин	әңгин	эңгин	әңгин:55 эңгин:21	e_style	Арвн зурhата Аh Шавдлнь Шар болд хеечер хеечлж, «энгин» олн сеени хатар зовчлж уюлгсн Хар торhн лавшган Ханцн уга сул кодред сууна.
C. незнакомое слово, несколько кандидатов	биилжех	биилҗәх	биилҗәх	биилҗәх:2 биилжәх:1	e_style	Сеенер биилдг кууг хажуhаснь хелехле, теегин шурун салькн, толhа деер суусн тарвж, тегш hазр деер «биилжех» тоhрун болж медгдне.
C. незнакомое слово, несколько кандидатов	келгулж	келгүлҗ	келгүлҗ	келгүлҗ:3 келһүлҗ:2	e_style	Тер хурhн йовна. 1917-гч жилд кесн юмн бееж энчн. [хазар] специальн «келгулж».
C. незнакомое слово, несколько кандидатов	герян	герән	герән	герән:83 һәрән:51 гәрән:13	soft_g	Тиигяд суугад, хяляхля, тер газаран гарчкад, «герян» эргяд, герин ардас шагагад хяляжядгчн.
C. незнакомое слово, несколько кандидатов	эркян	әркән	әркән	әркән:40 эркән:37	soft_h	Баhчуд, «эркян» татый, Бийян сяяняр бярий, Батта сяяхн жирhлд Буйн, кишгян диглитя!
C. незнакомое слово, несколько кандидатов	хярулж	хәрүлҗ	хәрулҗ	хәрүлҗ:44 хәрүлж:10	soft_g	Малан «хярулж» бяяня.
C. незнакомое слово, несколько кандидатов	эркен	әркән	әркән	әркән:40 эркән:37	e_style	Ширвр, ширвр сахлта Муутлын Магдыня Шилте «эркен» берчкед, шилвкед йовдмба, Шилте эркен берчкед шилвкед йовдмба.
C. незнакомое слово, несколько кандидатов	ээж	ээҗ	ээҗ	ээҗ:258 әәҗ:52	e_style	Зуг нууhед дасчксн «ээж» аав хойрнь, ишке герт дасчксн улс, модн герт бееж чадлго херу ишке гертен hарв.
C. незнакомое слово, несколько кандидатов	нурж	нурҗ	нурҗ	нурҗ:6 нүрҗ:2	e_style	Балhсна дундаhар орад ирхле, деене цагла хамхрсн ик-ик гермуд, ода куртл ончн юмс кевте, онhрха терзмудерн харлад, «нурж» одсн эрсмудерн шовалдад, нуд овдкене, зурк хорсхана.
C. незнакомое слово, несколько кандидатов	дуугинь	дууһинь	дууһинь	дууһинь:16 дүүһинь:6	bare	Тер «дуугинь» гражданск даана туршарт хальмг цергчнр дуулдг баасмн.
C. незнакомое слово, несколько кандидатов	келгюлж	келгүлҗ	келгүлҗ	келгүлҗ:3 келһүлҗ:2	soft_h	Тер хурhн йовна. 1917-гч жилд кесн юмн бяяж энчн. [хазар] специальн «келгюлж».
C. незнакомое слово, несколько кандидатов	оргж	өргҗ	өргҗ	өргҗ:108 орһҗ:28	bare	Шар туган «оргж», Шуугж цугар цуглрий, Шажн-бурхндан моргж, Шалтан уга йовцхай.
C. незнакомое слово, несколько кандидатов	урж	үрҗ	урҗ	үрҗ:8 урҗ:8	mixed	Зуг мана келжях цаг, мел дигтя тер цагин ««урж» одряк» бяядл бяясмн.
C. незнакомое слово, несколько кандидатов	хатлх	һатлх	һатлх	һатлх:4 һатлһ:1	mixed	Амрар эн бальчг «хатлх» хазр чамд зааж огсв, йовий, — гиж тер залу ковунд келв, — хаалхдан эвряннь туужан чамд келж огсв.
C. незнакомое слово, несколько кандидатов	егед	әһәд	егәд	әһәд:1 егәд:1	e_style	Дорж бичтиг экнэс авн сул куртлнь аав, Цаhан хойрт адhл уга умшж «егед»:
C. незнакомое слово, несколько кандидатов	эармдан	эәрмдән	эәрмдән	эәрмдән:2 әәрмдән:1	bare	Модар кёгад, томрар буслад орксн шат, «эармдан» ацан ик болад, кучнгджах мет шухтнад одна.
C. незнакомое слово, несколько кандидатов	беред	бәрәд	бәрәд	бәрәд:387 берәд:92	e_style	Овклзчкед эмеhед биян «беред» сууна.
C. незнакомое слово, несколько кандидатов	геехяд	гееһәд	гееһәд	гееһәд:50 һәәхәд:27	mixed	Тер бийнь хальмгуд йорялин угд иткдг йосан «геехяд» уга, неджяд-хошад йорял чееджлдж авхар седдж бяяхиг уздж болхмн.
C. незнакомое слово, несколько кандидатов	шанг	шаң	шаңһ	шаң:11 шанһ:7 шаңһ:5	bare	Тедн томр хаасн, тулг, суулг, «шанг» болн нань чигн сав кедг баасмн.
C. незнакомое слово, несколько кандидатов	гуундан	гүүндән	гүүндән	гүүндән:2 гүүндан:1	bare	Ковуд ирад, «гуундан» гурвн метр нук малтцхав.
C. незнакомое слово, несколько кандидатов	тарж	тарҗ	тарҗ	тарҗ:23 тәрҗ:15	soft_g	Ургяд «тарж» одсн хёодинь Богзгад нег йовцн кюн кюргж огч.
C. незнакомое слово, несколько кандидатов	унгинь	уңгинь	үнгинь	уңгинь:11 уңһинь:4	soft_h	«унгинь» яhж кемялhсмб? – гихля.
C. незнакомое слово, несколько кандидатов	улагад	улаһад	улаһад	улаһад:48 үләһәд:18	bare	Шидра ца уга болад, толгам овдад, бийм шава-рад, же гижалав, нам амрв, йосндан тинивв,— гигад Цаган саржнгсн хар колсан хая-хая хуучн беларн арччкад минчурн «улагад» сууна.
C. незнакомое слово, несколько кандидатов	хордж	хөрҗ	хордҗ	хөрҗ:13 хорҗ:8 хордҗ:5	e_style	Кензеев, теднд дотран «хордж» уурлад, уралан укс гиж ишкед тосхлтин управлене ахлачин кабинетин уудиг татад секв.
C. незнакомое слово, несколько кандидатов	харгв	һарһв	харһв	һарһв:111 харһв:69	bare	Тиим тоолвр огх йов дл «харгв» — дурта куунасн хагцв.
C. незнакомое слово, несколько кандидатов	харгх	һарһх	харһх	һарһх:80 харһх:68 хәргх:1	bare	Пурва оруни хотан адгн-шидгн ууж авад, Свинаревла «харгх» болад, гертасн гарв.
C. незнакомое слово, несколько кандидатов	унгинь	уңгинь	уңгинь	уңгинь:11 уңһинь:4	bare	Мана Шажн лам мааслдхла, цуг тер урдк торлганд кесн, келсн килнцин «унгинь» таслдг, кучта тиим адс огдг баасмн.
C. незнакомое слово, несколько кандидатов	харгна	харһна	харһна	харһна:88 һарһна:63	bare	«...Европас Азияр орлгн часас час ирвас йилград ирв: ургжах моддуд хоцрад ард улдв, адрута газрмуд тиньград ирв, ноган овсн нигтрж ургмлын кучн-чидлинь узулна; мана модн заагт узгдад уга шовуд «харгна»; зам хаалг темдглсн довун деер суусн гарднр, негл маначнр кевта йовдсн улсиг деерлксн баадлтагар халана; шавшжах кок ногата малын идгт:
C. незнакомое слово, несколько кандидатов	хеон	хәөн	хеөн	хәөн:1 хеөн:1	soft_h	Эмтн унтсна хёон унтхар седяд нюдян аняд оркх болhнднь, ханцан шамлад, хяякряд келсн келмрч Манжин дюр узгдяд: алулсна «хеон» енчряд улдсн улан махч кюукднь яhв гилч?—гиhяд ухалад оркхлань неорнь кюрхш.
C. незнакомое слово, несколько кандидатов	аах	әәх	ааһ	әәх:55 ааһ:43	mixed	Хальмг хё орчлж алад, нег кёл хёоне махиг чанад, шёл ширгехед, хурвн «аах» шёлн улддг.
C. незнакомое слово, несколько кандидатов	хархад	һарһад	һарһад	һарһад:647 харһад:248	mixed	Мординь, морне хотынь, цергчнрин хот-хувцинь букл Хальмг Асср, эвреннь беесн архан «хархад» цуглулдж, дарук джилин зунин эклцер деенд харч йовтлнь белддж, тедниг теткджесмн.
C. незнакомое слово, несколько кандидатов	евяж	евәж	евәҗ	евәж:1 евәҗ:1	mixed	Ут наста, бат кишгтя болж, Кесн кёдлмштн омярян йовж, Келсн угтн унтя болж, Эн- тер уга, манна тиньгр, Йовхиг Деедс «евяж» оршятхял!
C. незнакомое слово, несколько кандидатов	куунджасн	күүндҗәсн	күүндҗәсн	күүндҗәсн:5 күүнджәсн:3	bare	«куунджасн» хойр эалусин чигн дунь уурад одв.
C. незнакомое слово, несколько кандидатов	жиргсн	җирһсн	җирһсн	җирһсн:2 җиргсн:1	soft_g	Зуг одахн нег дякж «жиргсн» байрин одр — насарн баг.
D. кандидатов нет	хюнх	хюнх	хюңх	-	mixed	Чамар амдач кедж авнав,—гигад овгн, Бата хойриг эвреннь хюрад дахулж, иред, нер усинь бичэд, бааньд орулад хувц огтн! гидж Муутад заквр огчкад, багш овгнле мендлед — «хюнх» цовспн! гидж часан хелев.
D. кандидатов нет	ктемян	ктемян	ктемән	-	soft_g	Хаалгин хажугар кёолдяд, шарлад одсн «керсн», «ктемян» чик» таслж авад цоклдад дёгяд йовцхана.
D. кандидатов нет	цёгцля	цёгцля	цөгцлә	-	soft_g	Модн бичкн ааг, «цёгцля» эдл, терюндян тос тявяд уудг.
D. кандидатов нет	энред	энред	энрәд	-	e_style	Буурл овгн гертен нред мел дегтрм гиhед «энред» йовнал Батамини.
D. кандидатов нет	ясжаһад	ясжаһад	ясҗаһад	-	e_style	Чи нанла мел эвреннь ду куукнле эдл куунддг билеч: яhж боргч гун унhлж чадлго беесинь, яhж онhц ясжаhад хурhан цокад овдкечксен, яhад одрин дуусн эмнг мордле зовлн эдлсен.
D. кандидатов нет	сож	сож	соҗ	-	e_style	Биче харш бол,— гиж «сож», нор дотран келв.
D. кандидатов нет	бергдуд	бергдуд	бәргдүд	-	e_style	Шар залуhин hанзhд «бергдуд», – гиж зог кеhед, келдг.
D. кандидатов нет	кевюһяр	кевюһяр	кевүһәр	-	soft_h	Няр тёгсад тарсна хёон Богзг орндан орхиннь омн:— Одак дууч кевюhяр хёеч кеж авхмн гив.
D. кандидатов нет	һанцхлж	һанцхлж	һанцхлҗ	-	e_style	Дееллhнд hанцхлж авад, ундан авад, альдаран зулна, зулсн hазр талнь кооhед [бе].
D. кандидатов нет	дорвлжиннь	дорвлжиннь	дөрвлҗиннь	-	e_style	Тарhн шар зурхач хоолан ясад, «дорвлжиннь» узур дорас агч ааhан йоралар эв орулад бугжлед кесн ут сурулта цаhан модгн цокарта hанзан тач авад:
D. кандидатов нет	эуугяд	эуугяд	эүуһәд	-	mixed	Эмд бийнь эря торч йовх кууня хёоч кёвунд аджрг болхдан ичхнчин! гигяд Бавур беелягян «эуугяд» модан тушяд зогсв.
D. кандидатов нет	онгрюлляч	онгрюлляч	өнгрүлләч	-	soft_h	Баахн бичкн Адьяна Дулахн, Баh наснаннь жирhлиг баячудын дажрлhнд «онгрюлляч».
D. кандидатов нет	таалсндан	таалсндан	тәәлсндән	-	bare	Хувцан эс «таалсндан» бийнь бийдан алн болад, култан таалад олгчкад, Намру экиннь баржасн шалвр авч халав.
D. кандидатов нет	нургнасн	нургнасн	нурһнасн	-	bare	Морн негт унад, хару босад, бийднь деерлкхар седсн залуг «нургнасн» авч хайхар седна, болв деласнь батар барчксн хальмг морна нургн деернь наалдсн мет торад, морн кошад зогстл, эс гиж хажуднь дахад довтлж йовсн уурнь эвраннь морн деер суулгж автл буухш.
D. кандидатов нет	горвн	горвн	һорвн	-	bare	«горвн» дола хонсн хоон Орчлнгин Саахн Минъян Алтн Шарган унад, Арнзл Зеерд, Буурл Галзн Хойриг котлж авад гарв;
D. кандидатов нет	медюлснь	медюлснь	медүлснь	-	soft_g	Тер гурвн энгиг ягж салу-салуднь мёчлж, умшачнрт «медюлснь» сян болх гигяд, ухала бяятл мини сананд нег тууль орв.
D. кандидатов нет	киштягяс	киштягяс	киштәһәс	-	soft_g	Б...! — гиж, уурлсн айстан келчкяд, кёвюн «киштягяс» ичяд, урднь хайсн чичюрян одад авад, хярю ‘газр чичв.
D. кандидатов нет	кендяһяд	кендяһяд	кендәһәд	-	soft_h	Тенюнясн сюудр сунад, хё кёндях кем болхла, тедюкн бяясн занhта худгас суулhта ус тач авад балhж уучкад, улдлинь толhа деерян кеhяд сергhж авад, хееhян кендяhяд сюудринь хяляhяд тууhад hарна...
D. кандидатов нет	элдлжл	элдлжл	элдлҗл	-	bare	Тумн наамн мингн цусн зеерд агтынь Турун юм салгл уга, Хурагад «элдлжл» йовнал.
D. кандидатов нет	детя	детя	детә	-	soft_g	Не кюн медш уга болхла келж огняв гигяд Бата боорцг темягян ергжягяд: Дётя «детя» дёрвюлн тиснь-дёрвн кёлнь.
D. кандидатов нет	ишкневидн	ишкневидн	ишкнәвидн	-	mixed	Тиигчкед одак болсн махан «ишкневидн».
D. кандидатов нет	бяяриниг	бяяриниг	бәәриниг	-	soft_h	Зун орн «бяяриниг» зёрмгярн hатлсн-лэ, Зурhан ориг баатр чииргярн hатлсн-лэй, Эдю дюнгя арслн, эй, Энгин зурhан минhн Арвн хойр бийярн эс бярлдхля, Алдрад одхмн, – гиж бяянял.
D. кандидатов нет	баргдуд	баргдуд	бәргдүд	-	bare	Шар залугин ганзгд «баргдуд», – гиж зог кегад, келдг.
D. кандидатов нет	хагсугар	хагсугар	хагсуһар	-	soft_g	Гемнсн цагт авад, нег бичкн юм керчяд, «хагсугар» аршалулдг.
D. кандидатов нет	куукмбидн	куукмбидн	күүкмбидн	-	e_style	«куукмбидн» седжех беедлте.
D. кандидатов нет	сякдг	сякдг	сәкдг	-	soft_g	Бер ирхля, малян ишяр кёшг «сякдг» бяяж.
D. кандидатов нет	модгн	модгн	мөдгн	-	bare	Таргн шар зурхач хоолан ясад, дорвлжиннь узур дорас агч ааган йоралар эв орулад бугжлад кесн ут сурулта цаган «модгн» цокарта ганзан тач авад:
D. кандидатов нет	ерген	ерген	ергән	-	e_style	Бата булмг талан «ерген» занhв.
D. кандидатов нет	дееджнь	дееджнь	дееҗнь	-	mixed	Мел худл келяд, алг «дееджнь» идхля, дякяд анг-шову харвад, хойр дамар ягджахгов.
D. кандидатов нет	оргдулмудла	оргдулмудла	орһдулмудла	-	bare	Байн эзн биисинь тулкж йовх шин йоснд дур уга болад: алаган амндан зуусн—алхн дееран шумр шатасн, теорсн годьл болсн, тошсн бух болсн «оргдулмудла», Ягад седклан негдулад, делуган девсжахинь Бата меджахш.
D. кандидатов нет	командиртягян	командиртягян	командиртәһән	-	soft_g	Болв фашистнрин гижгт орад, тедня галын точкс кюучяд, пулемет бяясн дотмуд хамхлад, бюкл дивизян уралан йовулдг болвчн, Саткун Пюрвян разведвзвод эн дяянд «командиртягян» хамдан взводын ик зуугинь геев.
D. кандидатов нет	олжаналмч	олжаналмч	олҗаналмч	-	bare	Монгиг овгн шингажахш, чи «олжаналмч».
D. кандидатов нет	агшнь	агшнь	аһшнь	-	bare	Альк нег сансан куцадг, «агшнь» харм болла.
D. кандидатов нет	бишн	бишн	бишң	-	soft_h	Тегяд, одакиг эдгяhяд огхля, ода тенкян уга, шуд hазртнь, Хошуда hазрт носилкар «бишн» авч иряд, огня.
D. кандидатов нет	даалддгинь	даалддгинь	дәәлддгинь	-	bare	Ока Городовиков ягж «даалддгинь» тедн шинжлв.
D. кандидатов нет	инялһя	инялһя	инәлһә	-	soft_h	Хальмгар чигн, орсар чигн келяд оркхларн эмтиг инялhя бяяж. алад хайчкна.
D. кандидатов нет	маннадж	маннадж	маңнадҗ	-	soft_g	Довтлж йовсн дяясня мёртя цергинь оордхчкяд, тедниг «маннадж» хацхав.
D. кандидатов нет	тёрвю	тёрвю	төрвү	-	soft_g	«Улан хорхатн» сяяни орнд «тёрвю»? гиж Бадм довндан сюуд, нигт кяк бетк деер овдглж сун сурв.
D. кандидатов нет	кёндрш	кёндрш	көндрш	-	soft_h	Тендяс «кёндрш» угав: яhнат-кегнят — дурнтн!— гиж нег мёслж Шонтл келв.
D. кандидатов нет	хелеа	хелеа	хәләа	-	e_style	Тиигед эмтн булалдад йовдг ик эрдмте кумб энтн? гиhед тарhн шар эурчах Батаг оран шар хальснаснь авн,. охр сул куртлнь кулиж «хелеа».
D. кандидатов нет	дааллгнд	дааллгнд	дәәллһнд	-	bare	«дааллгнд» ганцхлж авад, ундан авад, альдаран зулна, зулсн газр талнь коогад [ба].
D. кандидатов нет	еордяд	еордяд	еөрдәд	-	soft_h	Аавнь Батаг уугурджяхинь медяд, «еордяд» нурhинь иляд кес сурhмжан келв.
D. кандидатов нет	гоожон	гоожон	һооҗон	-	soft_g	Буйн болтха эн йовдл кёвюндм бича зянглтн гиж сужранав гйгяд нюднясн «гоожон» нюлмс хойр гариннь нургдар арчв...
D. кандидатов нет	бергняннь	бергняннь	бергнәннь	-	soft_g	Бата эн угян асхн болгн келяд «бергняннь» оашкинь хорсхад бяяв,
D. кандидатов нет	доглдхана	доглдхана	доһлдхана	-	bare	Укрмудин эармсиннь шавхагинь шуруп цасн эулгад шархтагад оркж, сугдглзад «доглдхана». йовад орксн ишклдуртнь хая-хая теонрад цусн узтдна.
D. кандидатов нет	гарон	гарон	һарон	-	soft_g	Квмр тер гаргсн гемнь лавта тер кюун-э уханас хорлтан халдахин ундсяр «гарон» угагинь оньгхмн.
D. кандидатов нет	хюурялчкяд	хюурялчкяд	хүүрәлчкәд	-	soft_h	Ууд авч иигяд зогсад, толhаhан самлад, «хюурялчкяд» гюрдг юмн бяясн бяяж.
D. кандидатов нет	боктл	боктл	бөктл	-	e_style	Зул «боктл», тенд hаза сууна.
D. кандидатов нет	тавбвчи	тавбвчи	тәвбвчи	-	mixed	Алдр богд Джангр Арвн гурвн наста Аах Бор Маннад Ямаран ам огч «тавбвчи», Ямаран кел огч тавбвчи, – гигад, Унтл кевтл уга, Кел авхар гетад чиннад йовдгнь эн болвл, гиналэй.
D. кандидатов нет	хёочнрнь	хёочнрнь	хөөчнрнь	-	soft_h	Тер кеер йовсн ур «хёочнрнь» энюг бичкн юмн гиhяд наад бяряд иняллдг бяядлтя.
D. кандидатов нет	зюудлжяняв	зюудлжяняв	зүүдлҗәнәв	-	soft_h	Зюуд «зюудлжяняв».
D. кандидатов нет	кёгшржяхнь	кёгшржяхнь	көгшрҗәхнь	-	soft_h	Би ода иигяд санад суунав: «Ю-у, тер цагин эмтн кёгшн болж медгддг биля, ода эн Мяядрин цагин эмтн, баhчуд, «кёгшржяхнь», эс кёгшржяхнь нам медгдхш (иняжяня).
D. кандидатов нет	жиндн	жиндн	җиндн	-	mixed	Кезене тамгиг «жиндн» тамг гидмн.
D. кандидатов нет	келнявдн	келнявдн	келнәвдн	-	soft_h	Бндн кюуг эмд цагтнь унлхшвдн, укж одсн цагтнь, кесн тоот эрюн тёрмюдинь санад, йир сян кюн биля гиж «келнявдн».
D. кандидатов нет	уулдвряр	уулдвряр	үүлдврәр	-	soft_h	Урднь олн эмтня кюч-кёлсяр осксн мал-герян ода улдяхдян харм тёрлдяд, терюндян тачалдад, арань эуугдад, хорнь буслад, аль-бис «уулдвряр» хар санхар седлдяд йодцхана.
D. кандидатов нет	мартшгогар	мартшгогар	мартшгоһар	-	bare	Овгн нернь «мартшгогар»: «Булмг, булмг», – гигад, деегшан халагад йовж йовад, уста газрт хальтрад унад, “булмг”гидг уган мартна.
D. кандидатов нет	хуучн-саачн	хуучн-саачн	хуучн-сәәчн	-	bare	Укрин усн, «хуучн-саачн», толгатурунднь куртсна бийнь ямаран.
D. кандидатов нет	арагнин	арагнин	әрәгнин	-	bare	«Жангр», «Хан Толвс», «Чоожд «арагнин» тууж», аалтхлин бичг, «Чикна хужр» монгл узгар бичата баадгж гина. теругинь мана аавнр, ахнр маднд меддг арг уга.
D. кандидатов нет	кюсляр	кюсляр	күсләр	-	mixed	Тана ухахар, тана «кюсляр» болхла, мини деер келгдсняс ондан ямаран шинрлт ирх гиж санжаната?
D. кандидатов нет	дёнихин	дёнихин	дөңихин	-	soft_h	Тосхлтин управленя ахлач, «дёнихин» орчд харш болжахла, эн, мини эклжях тёр кепд кергтяв?
